hanja,unicode,reading,meaning_kw
歌,U+6B4C,가,노래
加,U+52A0,가,더할
價,U+50F9,가,값
假,U+5047,가,거짓
茄,U+8304,가,가지
袈,U+8888,가,가사
訶,U+8A36,가,꾸짖을
跏,U+8DCF,가,책상다리할
軻,U+8EFB,가,수레 가기 힘들
哿,U+54FF,가,좋을
嘏,U+560F,가,클
舸,U+8238,가,큰 배
珈,U+73C8,가,머리꾸미개
坷,U+5777,가,험할
斝,U+659D,가,옥잔
榎,U+698E,가,오동나무
檟,U+6A9F,가,오동나무
笳,U+7B33,가,갈잎피리
珏,U+73CF,각,쌍옥
恪,U+606A,각,삼갈
殼,U+6BBC,각,껍질
愨,U+6128,각,
卻,U+537B,각,물리칠
咯,U+54AF,각,토할
埆,U+57C6,각,메마를
搉,U+6409,각,칠
擱,U+64F1,각,놓을
桷,U+6877,각,서까래
慤,U+6164,각,삼갈
肝,U+809D,간,간
幹,U+5E79,간,줄기
簡,U+7C21,간,대쪽
姦,U+59E6,간,간사할
杆,U+6746,간,지레
桿,U+687F,간,막대기
癇,U+7647,간,
癎,U+764E,간,경풍
渴,U+6E34,갈,목마를
葛,U+845B,갈,칡
乫,U+4E6B,갈,땅이름
喝,U+559D,갈,꾸짖을
曷,U+66F7,갈,어찌
碣,U+78A3,갈,비
竭,U+7AED,갈,다할
褐,U+8910,갈,털베
蝎,U+874E,갈,전갈
鞨,U+97A8,갈,말갈나라
噶,U+5676,갈,벼슬이름
楬,U+696C,갈,패를 써서 표시할
秸,U+79F8,갈,볏짚
羯,U+7FAF,갈,불친 양
蠍,U+880D,갈,전갈
坩,U+5769,감,도가니
埳,U+57F3,감,구덩이
嵁,U+5D41,감,산 험할
弇,U+5F07,감,뚜껑
憨,U+61A8,감,어리석을
撼,U+64BC,감,흔들
欿,U+6B3F,감,서운할
歛,U+6B5B,감,탐할
泔,U+6CD4,감,뜨물
淦,U+6DE6,감,물 이름
澉,U+6F89,감,싱거울
矙,U+77D9,감,엿볼
轗,U+8F57,감,가기 힘들
酣,U+9163,감,흥겨울
鑑,U+9451,감,거울
鑒,U+9452,감,거울
甲,U+7532,갑,갑옷
鉀,U+9240,갑,갑옷
匣,U+5323,갑,궤
岬,U+5CAC,갑,산 허구리
胛,U+80DB,갑,어깻죽지
閘,U+9598,갑,문 빗장
薑,U+8591,강,생강
鱇,U+9C47,강,천징어
嫝,U+5ADD,강,
跭,U+8DED,강,
襁,U+8941,강,포대기
玒,U+7392,강,
顜,U+985C,강,
茳,U+8333,강,강리풀
鏹,U+93F9,강,
傋,U+508B,강,아첨 아니할
僵,U+50F5,강,엎드러질
壃,U+58C3,강,지경
忼,U+5FFC,강,강개할
悾,U+60BE,강,정성
個,U+500B,개,낱
箇,U+7B87,개,낱
蓋,U+84CB,개,뚜껑
盖,U+76D6,개,덮을
客,U+5BA2,객,손님
喀,U+5580,객,기침할
更,U+66F4,갱,다시
坑,U+5751,갱,빠질
粳,U+7CB3,갱,메벼
羹,U+7FB9,갱,국
硜,U+785C,갱,아릿아릿할
賡,U+8CE1,갱,이을
鏗,U+93D7,갱,금석 소리
建,U+5EFA,건,세울
乾,U+4E7E,건,하늘
件,U+4EF6,건,조건
健,U+5065,건,굳셀
䢖,U+4896,건,
漧,U+6F27,건,
乹,U+4E79,건,
傑,U+5091,걸,호걸
乞,U+4E5E,걸,구걸할
桀,U+6840,걸,찢을
乬,U+4E6C,걸,갈
朅,U+6705,걸,갈
榤,U+69A4,걸,닭의 홰
杰,U+6770,걸,뛰어날
儉,U+5109,검,검소할
劍,U+528D,검,칼
檢,U+6AA2,검,교정할
瞼,U+77BC,검,눈시울
鈐,U+9210,검,굴대 비녀장
黔,U+9ED4,검,검을
撿,U+64BF,검,잡을
芡,U+82A1,검,마름
劒,U+5292,검,칼
格,U+683C,격,이를
擊,U+64CA,격,칠
激,U+6FC0,격,물결 부딪혀 흐를
隔,U+9694,격,막을
檄,U+6A84,격,격서
膈,U+8188,격,명치
覡,U+89A1,격,박수
挌,U+630C,격,칠
毄,U+6BC4,격,맞부딛는 소리
闃,U+95C3,격,고요할
骼,U+9ABC,격,마른 뼈
鬲,U+9B32,격,오지병
鴃,U+9D03,격,왜가리
鵑,U+9D51,견,접동새
甄,U+7504,견,질그릇
繭,U+7E6D,견,고치
譴,U+8B74,견,꾸짖을
狷,U+72F7,견,고집스러울
畎,U+754E,견,밭 도랑
筧,U+7B67,견,대 홈통
縳,U+7E33,견,올
繾,U+7E7E,견,곡진할
羂,U+7F82,견,걸
蠲,U+8832,견,밝을
鰹,U+9C39,견,큰 가물치
決,U+6C7A,결,결단할
結,U+7D50,결,맺을
潔,U+6F54,결,맑을
缺,U+7F3A,결,이지러질
訣,U+8A23,결,이별할
抉,U+6289,결,긁을
㛃,U+36C3,결,
焆,U+7106,결,
迼,U+8FFC,결,
玦,U+73A6,결,옥패
鍥,U+9365,결,
觖,U+89D6,결,서운할
闋,U+95CB,결,쉴
㓗,U+34D7,결,
洯,U+6D2F,결,
䤿,U+493F,결,
兼,U+517C,겸,겸할
謙,U+8B19,겸,사양할
慶,U+6176,경,경사
競,U+7AF6,경,겨룰
竟,U+7ADF,경,다할
境,U+5883,경,지경
界,U+754C,계,지경
堺,U+583A,계,지경
谿,U+8C3F,계,시내
磎,U+78CE,계,시내
考,U+8003,고,상고할
攷,U+6537,고,생각할
皐,U+7690,고,부르는 소리
皋,U+768B,고,못
谷,U+8C37,곡,골짜기
曲,U+66F2,곡,굽을
穀,U+7A40,곡,곡식
哭,U+54ED,곡,울
斛,U+659B,곡,휘
梏,U+688F,곡,쇠고랑
鵠,U+9D60,곡,고니
嚳,U+56B3,곡,고할
槲,U+69F2,곡,떡갈나무
縠,U+7E20,곡,주름 비단
觳,U+89F3,곡,뿔잔
轂,U+8F42,곡,바퀴
困,U+56F0,곤,괴로울
坤,U+5764,곤,땅
衮,U+886E,곤,곤룡포
袞,U+889E,곤,곤룡포
骨,U+9AA8,골,뼈
汨,U+6C68,골,빠질
滑,U+6ED1,골,어지러울
搰,U+6430,골,팔
榾,U+69BE,골,등걸
鶻,U+9DBB,골,송골매
公,U+516C,공,공변될
孔,U+5B54,공,구멍
供,U+4F9B,공,이바지할
恭,U+606D,공,공손할
郭,U+90ED,곽,성곽
廓,U+5ED3,곽,둘레
槨,U+69E8,곽,덧널
藿,U+85FF,곽,콩잎
椁,U+6901,곽,관
癨,U+7668,곽,곽란
霍,U+970D,곽,빠를
鞹,U+97B9,곽,무두질한 가죽
管,U+7BA1,관,피리
貫,U+8CAB,관,꿸
慣,U+6163,관,버릇
冠,U+51A0,관,갓
館,U+9928,관,객사
舘,U+8218,관,객사
寬,U+5BEC,관,너그러울
寛,U+5BDB,관,용서할
光,U+5149,광,빛
廣,U+5EE3,광,넓을
鑛,U+945B,광,쇳돌
狂,U+72C2,광,미질
広,U+5E83,광,넢을
炛,U+709B,광,
炚,U+709A,광,햇빚 뜨거울
掛,U+639B,괘,걸
卦,U+5366,괘,걸
罫,U+7F6B,괘,줄
咼,U+54BC,괘,입 비뚤어질
挂,U+6302,괘,그림족자
罣,U+7F63,괘,걸
詿,U+8A7F,괘,그르칠
塊,U+584A,괴,흙덩이
愧,U+6127,괴,부끄러워할
怪,U+602A,괴,기이할
壞,U+58DE,괴,무너질
乖,U+4E56,괴,어그러질
傀,U+5080,괴,클
拐,U+62D0,괴,속일
槐,U+69D0,괴,홰나무
魁,U+9B41,괴,으뜸
媿,U+5ABF,괴,창피줄
廥,U+5EE5,괴,여물광
瑰,U+7470,괴,슬이름
璝,U+749D,괴,옥돌
蒯,U+84AF,괴,황모
襘,U+8958,괴,띠매듭
餃,U+9903,교,경단
驕,U+9A55,교,교만할
鮫,U+9BAB,교,상어
姣,U+59E3,교,예쁠
佼,U+4F7C,교,예쁠
噭,U+566D,교,부르짖을
憍,U+618D,교,교만할
鄗,U+9117,교,
嘐,U+5610,교,닭 울
嘄,U+5604,교,부르짖을
嚙,U+5699,교,깨물
撟,U+649F,교,들
晈,U+6648,교,달 밝을
暞,U+669E,교,밝을
敎,U+654E,교,가르침
教,U+6559,교,가르칠
具,U+5177,구,갖출
俱,U+4FF1,구,함께
區,U+5340,구,감출
驅,U+9A45,구,몰
丘,U+4E18,구,언덕
坵,U+5775,구,언덕
耇,U+8007,구,명길
耈,U+8008,구,늙을
廏,U+5ECF,구,마구간
廐,U+5ED0,구,마구간
國,U+570B,국,나라
菊,U+83CA,국,국화
局,U+5C40,국,부분
鞠,U+97A0,국,기를
鞫,U+97AB,국,국문할
麴,U+9EB4,국,누룩
𥮗,U+25B97,국,
匊,U+530A,국,움켜 뜰
掬,U+63AC,국,두 손으로 움킬
跼,U+8DFC,국,구부릴
麯,U+9EAF,국,누룩
趜,U+8D9C,국,
国,U+56FD,국,나라
君,U+541B,군,임금
郡,U+90E1,군,고을
軍,U+8ECD,군,군사
群,U+7FA4,군,무리
窘,U+7A98,군,군색할
裙,U+88D9,군,치마
捃,U+6343,군,주울
桾,U+687E,군,고욤나무
皸,U+76B8,군,얼어터질
屈,U+5C48,굴,굽을
窟,U+7A9F,굴,구멍
堀,U+5800,굴,굴뚝
掘,U+6398,굴,팔
倔,U+5014,굴,딱딱할
崛,U+5D1B,굴,산 높을
淈,U+6DC8,굴,흐릴
詘,U+8A58,굴,굽을
弓,U+5F13,궁,활
宮,U+5BAE,궁,궁궐
窮,U+7AAE,궁,다할
躬,U+8EAC,궁,몸
穹,U+7A79,궁,높을
芎,U+828E,궁,궁궁이
躳,U+8EB3,궁,몸
圈,U+5708,권,둥글
眷,U+7737,권,돌아볼
倦,U+5026,권,게으를
捲,U+6372,권,거둘
淃,U+6DC3,권,물돌아 흐를
勌,U+52CC,권,게으를
惓,U+60D3,권,삼갈
棬,U+68EC,권,휘어만든 나무그릇
睠,U+7760,권,돌볼
綣,U+7DA3,권,정다울
蜷,U+8737,권,움추러질
權,U+6B0A,권,권세
権,U+6A29,권,권세
厥,U+53A5,궐,그
闕,U+95D5,궐,대궐
獗,U+7357,궐,도둑 일어날
蕨,U+8568,궐,고사리
蹶,U+8E76,궐,우물벌레
軌,U+8ECC,궤,수레바퀴 사이
貴,U+8CB4,귀,높을
歸,U+6B78,귀,돌아올
鬼,U+9B3C,귀,귀신
句,U+53E5,귀,글귀
晷,U+6677,귀,시각
䤥,U+4925,귀,
龜,U+9F9C,귀,거북
叫,U+53EB,규,부를
規,U+898F,규,그림쇠
糾,U+7CFE,규,삼합노
湀,U+6E40,규,
茥,U+8325,규,
煃,U+7143,규,
刲,U+5232,규,찌를
嬀,U+5B00,규,성
巋,U+5DCB,규,높고 험준할
暌,U+668C,규,해질
楏,U+694F,규,호미자루
樛,U+6A1B,규,나무가지 휘어질
潙,U+6F59,규,물이름
睽,U+777D,규,어그러질
虯,U+866F,규,뿔없는 용
跬,U+8DEC,규,한발자국
闚,U+95DA,규,갸웃이 볼
糺,U+7CFA,규,거둘
均,U+5747,균,고를
菌,U+83CC,균,버섯
畇,U+7547,균,밭개간할
鈞,U+921E,균,서른 근
筠,U+7B60,균,대껍질
勻,U+52FB,균,고를
龜,U+9F9C,균,(피부가)틀
覠,U+89A0,균,
囷,U+56F7,균,둥근곳집
麏,U+9E8F,균,고라니
匀,U+5300,균,고를
極,U+6975,극,가운데
克,U+514B,극,이길
劇,U+5287,극,심할
剋,U+524B,극,깍일
隙,U+9699,극,틈
戟,U+621F,극,갈래진 창
棘,U+68D8,극,가시나무
亟,U+4E9F,극,빠를
尅,U+5C05,극,이길
屐,U+5C50,극,나막신
郄,U+90C4,극,틈
衾,U+887E,금,이불
襟,U+895F,금,옷깃
昑,U+6611,금,밝을
妗,U+5997,금,외숙모
擒,U+64D2,금,사로잡을
檎,U+6A8E,금,능금나무
芩,U+82A9,금,풀 이름
衿,U+887F,금,옷깃
唫,U+552B,금,입 다물
噤,U+5664,금,입 다물
嶔,U+5D94,금,높고 험할
笒,U+7B12,금,첨대
黅,U+9EC5,금,누른 빛
及,U+53CA,급,미칠
給,U+7D66,급,넉넉할
急,U+6025,급,급할
級,U+7D1A,급,등급
汲,U+6C72,급,길을
伋,U+4F0B,급,속일
扱,U+6271,급,미칠
圾,U+573E,급,위태할
岌,U+5C8C,급,높을
皀,U+7680,급,고소할
礏,U+790F,급,산 높은 모양
笈,U+7B08,급,책상자
芨,U+82A8,급,말오줌나무
肯,U+80AF,긍,옳이 여길
亘,U+4E98,긍,구할
兢,U+5162,긍,삼갈
矜,U+77DC,긍,불쌍히 여길
殑,U+6B91,긍,까무라칠
亙,U+4E99,긍,뻗칠
旗,U+65D7,기,기
欺,U+6B3A,기,속일
奇,U+5947,기,기이할
騎,U+9A0E,기,말탈
棋,U+68CB,기,바둑
碁,U+7881,기,바둑
璣,U+74A3,기,구슬
㼄,U+3F04,기,
緊,U+7DCA,긴,굳게 얽힐
吉,U+5409,길,길할
佶,U+4F76,길,건장할
桔,U+6854,길,도라지
姞,U+59DE,길,성
拮,U+62EE,길,일할
蛣,U+86E3,길,장구벌레
那,U+90A3,나,어찌
諾,U+8AFE,낙,대답할
暖,U+6696,난,따뜻할
難,U+96E3,난,어려울
煖,U+7156,난,따뜻할
偄,U+5044,난,언약할
愞,U+611E,난,
赧,U+8D67,난,얼굴 붉힐
餪,U+992A,난,풀보기 잔치
南,U+5357,남,남녘
男,U+7537,남,사내
楠,U+6960,남,녹나무
湳,U+6E73,남,강 이름
枏,U+678F,남,녹나무
喃,U+5583,남,재잘거릴
納,U+7D0D,납,바칠
衲,U+8872,납,기울
娘,U+5A18,낭,아가씨
囊,U+56CA,낭,주머니
曩,U+66E9,낭,접때
內,U+5167,내,안
乃,U+4E43,내,이에
奈,U+5948,내,어찌
耐,U+8010,내,견딜
柰,U+67F0,내,능금나무
奶,U+5976,내,젖
嬭,U+5B2D,내,젖
迺,U+8FFA,내,이에
鼐,U+9F10,내,가마솥
女,U+5973,녀,계집
年,U+5E74,년,해
撚,U+649A,년,비틀
碾,U+78BE,년,맷돌
秊,U+79CA,년,해
念,U+5FF5,념,생각
恬,U+606C,념,편안할
拈,U+62C8,념,집을
捻,U+637B,념,비틀
寧,U+5BE7,녕,편안할
獰,U+7370,녕,모질
佞,U+4F5E,녕,재주
儜,U+511C,녕,고달플
嚀,U+5680,녕,정녕할
濘,U+6FD8,녕,진흙
寗,U+5BD7,녕,편안할
怒,U+6012,노,성낼
奴,U+5974,노,종
努,U+52AA,노,힘쓸
弩,U+5F29,노,쇠뇌(여러 개의 화살이나 돌을 잇따라 쏘게 된 큰 활)
瑙,U+7459,노,마노
駑,U+99D1,노,둔할
䛝,U+46DD,노,
呶,U+5476,노,들랠
孥,U+5B65,노,자식
峱,U+5CF1,노,산이름
猱,U+7331,노,못할
笯,U+7B2F,노,새장
臑,U+81D1,노,팔마디
農,U+8FB2,농,농사
膿,U+81BF,농,고름
濃,U+6FC3,농,짙을
儂,U+5102,농,나
噥,U+5665,농,달게 먹을
穠,U+7A60,농,후한 제사
醲,U+91B2,농,텁텁한 술
腦,U+8166,뇌,머리
惱,U+60F1,뇌,괴로워할
餒,U+9912,뇌,굶길
能,U+80FD,능,능할
泥,U+6CE5,니,막힐
尼,U+5C3C,니,여승
柅,U+67C5,니,얼레자루
濔,U+6FD4,니,
膩,U+81A9,니,살찔
馜,U+999C,니,
㦐,U+3990,니,
呢,U+5462,니,소근거릴
怩,U+6029,니,부끄러워할
祢,U+7962,니,아비사당
禰,U+79B0,니,아비사당
妮,U+59AE,니,
多,U+591A,다,많을
茶,U+8336,다,차풀
爹,U+7239,다,아비
𥥸,U+25978,다,
𣘻,U+2363B,다,
茤,U+8324,다,
觰,U+89F0,다,
鄲,U+9132,다,조나라 서울
奲,U+5972,다,
夛,U+591B,다,
端,U+7AEF,단,끝
旦,U+65E6,단,밝을
段,U+6BB5,단,층계
壇,U+58C7,단,제터
達,U+9054,달,통달할
撻,U+64BB,달,매질할
澾,U+6FBE,달,미끄러울
獺,U+737A,달,수달
疸,U+75B8,달,황달
妲,U+59B2,달,계집의 이름
怛,U+601B,달,깜짝 놀랄
闥,U+95E5,달,대문
靼,U+977C,달,다룬가죽
韃,U+97C3,달,칠
談,U+8AC7,담,말씀
淡,U+6DE1,담,물모양
擔,U+64D4,담,질
倓,U+5013,담,편안할
啿,U+557F,담,많을
埮,U+57EE,담,
炎,U+708E,담,불꽃
儋,U+510B,담,기운차고 날쌜해집
啗,U+5557,담,씹을
噉,U+5649,담,씹을
墰,U+58B0,담,목긴 술병
壜,U+58DC,담,술병
毯,U+6BEF,담,담자리
禫,U+79AB,담,담제
罎,U+7F4E,담,술병
薝,U+859D,담,치자나무
郯,U+90EF,담,나라이름
答,U+7B54,답,젖을
畓,U+7553,답,논
踏,U+8E0F,답,떨어지는 소리
沓,U+6C93,답,거듭
遝,U+905D,답,가다가설
臺,U+81FA,대,능
坮,U+576E,대,들
擡,U+64E1,대,들
抬,U+62AC,대,칠
德,U+5FB7,덕,큰
悳,U+60B3,덕,큰
徳,U+5FB3,덕,큰
都,U+90FD,도,도읍
桃,U+6843,도,복숭아 나무
挑,U+6311,도,돋을
跳,U+8DF3,도,뛸
睹,U+7779,도,볼
萄,U+8404,도,포도나무
覩,U+89A9,도,볼
賭,U+8CED,도,노름
韜,U+97DC,도,활집
馟,U+999F,도,
祹,U+7979,도,
鋾,U+92FE,도,
夲,U+5932,도,
稌,U+7A0C,도,찰벼
叨,U+53E8,도,탐할
壔,U+58D4,도,작은 성
弢,U+5F22,도,활집
忉,U+5FC9,도,근심할
島,U+5CF6,도,섬
嶋,U+5D8B,도,섬
道,U+9053,도,길
噵,U+5675,도,
瀆,U+7006,독,도랑
牘,U+7258,독,편지
犢,U+72A2,독,송아지
禿,U+79BF,독,대머리
纛,U+7E9B,독,클 깃발
櫝,U+6ADD,독,함
黷,U+9EF7,독,더러울
豚,U+8C5A,돈,돼지
敦,U+6566,돈,도타울
墩,U+58A9,돈,돈대
惇,U+60C7,돈,두터울
暾,U+66BE,돈,아침해
燉,U+71C9,돈,불 성할
頓,U+9813,돈,조아릴
旽,U+65FD,돈,늘 돋을
沌,U+6C8C,돈,기름 덩어리
焞,U+711E,돈,귀갑 지지는 불
弴,U+5F34,돈,그림 그린 활
潡,U+6F61,돈,큰 물
躉,U+8E89,돈,거룻배
突,U+7A81,돌,부딪칠
乭,U+4E6D,돌,이름
咄,U+5484,돌,꾸짖을
堗,U+5817,돌,굴똑
同,U+540C,동,같을
仝,U+4EDD,동,한가지
斗,U+6597,두,말
豆,U+8C46,두,콩
頭,U+982D,두,머리
鈍,U+920D,둔,무딜
屯,U+5C6F,둔,진칠
遁,U+9041,둔,달아날
臀,U+81C0,둔,볼기
芚,U+829A,둔,채소 이름
遯,U+906F,둔,달아날
窀,U+7A80,둔,광중
迍,U+8FCD,둔,머뭇거릴
得,U+5F97,득,얻을
等,U+7B49,등,가지런할
登,U+767B,등,오를
燈,U+71C8,등,등잔
騰,U+9A30,등,오를
藤,U+85E4,등,등나무
謄,U+8B04,등,베낄
鄧,U+9127,등,나라 이름
嶝,U+5D9D,등,고개
橙,U+6A59,등,등자나무
凳,U+51F3,등,걸상
墱,U+58B1,등,자드락길
滕,U+6ED5,등,물 솟을
磴,U+78F4,등,돌 비탈길
籐,U+7C50,등,대 기구
縢,U+7E22,등,봉할
螣,U+87A3,등,등사
鐙,U+9419,등,등잔
羅,U+7F85,라,새그물
落,U+843D,락,떨어질
樂,U+6A02,락,즐길
絡,U+7D61,락,헌솜
珞,U+73DE,락,구슬 목걸이
酪,U+916A,락,진한 유즙
烙,U+70D9,락,지질
駱,U+99F1,락,낙타
洛,U+6D1B,락,강이름
嗠,U+55E0,락,진한 유즙
犖,U+7296,락,얼룩소
卵,U+5375,란,알
亂,U+4E82,란,어지러울
蘭,U+862D,란,난초
欄,U+6B04,란,난간
覽,U+89BD,람,볼
濫,U+6FEB,람,퍼질
嵐,U+5D50,람,남기
攬,U+652C,람,잡을
欖,U+6B16,람,감람나무
籃,U+7C43,람,바구니
纜,U+7E9C,람,닻줄
襤,U+8964,람,누더기
藍,U+85CD,람,쪽
㛦,U+36E6,람,
灆,U+7046,람,
婪,U+5A6A,람,탐할
漤,U+6F24,람,
爁,U+7201,람,
璼,U+74BC,람,
惏,U+60CF,람,떨릴
擥,U+64E5,람,가질
𢱯,U+22C6F,람,
浪,U+6D6A,랑,물결
郞,U+90DE,랑,사나이
廊,U+5ECA,랑,복도
琅,U+7405,랑,옥 이름
瑯,U+746F,랑,고을 이름
狼,U+72FC,랑,이리
朗,U+6717,랑,밝을
烺,U+70FA,랑,
蜋,U+870B,랑,사마귀
㢃,U+3883,랑,
駺,U+99FA,랑,
榔,U+6994,랑,나무 이름
閬,U+95AC,랑,솟을 대문
硠,U+7860,랑,돌 부딪는 소라
稂,U+7A02,랑,강아지 풀
莨,U+83A8,랑,수크령
㫰,U+3AF0,랑,
螂,U+8782,랑,사마귀
郎,U+90CE,랑,남편
來,U+4F86,래,올
崍,U+5D0D,래,산 이름
萊,U+840A,래,명아주
徠,U+5FA0,래,올
淶,U+6DF6,래,강 이름
騋,U+9A0B,래,큰 말
唻,U+553B,래,
来,U+6765,래,
𧼛,U+27F1B,래,
冷,U+51B7,랭,찰
略,U+7565,략,다스릴
掠,U+63A0,략,노략질할
畧,U+7567,략,다스릴
亮,U+4EAE,량,밝을
倆,U+5006,량,재주
樑,U+6A11,량,들보
粱,U+7CB1,량,기장
輛,U+8F1B,량,수레
駺,U+99FA,량,
俍,U+4FCD,량,어질
喨,U+55A8,량,소리 맑을
悢,U+60A2,량,슬퍼할
踉,U+8E09,량,뛸
魎,U+9B4E,량,도깨비
糧,U+7CE7,량,양식
粮,U+7CAE,량,양식
涼,U+6DBC,량,서늘할
凉,U+51C9,량,서늘할
旅,U+65C5,려,군사
麗,U+9E97,려,고울
慮,U+616E,려,생각할
勵,U+52F5,려,힘쓸
力,U+529B,력,힘
歷,U+6B77,력,지낼
曆,U+66C6,력,책력
瀝,U+701D,력,거를
礫,U+792B,력,조약돌
轢,U+8F62,력,삐걱거릴
靂,U+9742,력,벼락
攊,U+650A,력,칠
櫟,U+6ADF,력,상수리나무
櫪,U+6AEA,력,말구유
癧,U+7667,력,연주창
轣,U+8F63,력,갈
酈,U+9148,력,땅 이름
煉,U+7149,련,불릴
璉,U+7489,련,호련
攣,U+6523,련,걸릴
漣,U+6F23,련,물놀이
輦,U+8F26,련,손수레
孌,U+5B4C,련,아름다울
𨏶,U+283F6,련,
楝,U+695D,련,멀구슬나무
湅,U+6E45,련,누일
臠,U+81E0,련,저민고기
鏈,U+93C8,련,쇠사슬
鰊,U+9C0A,련,고기 이름
鰱,U+9C31,련,연어
奱,U+5971,련,
列,U+5217,렬,줄
烈,U+70C8,렬,세찰
裂,U+88C2,렬,찢을
劣,U+52A3,렬,못할
洌,U+6D0C,렬,맑을
冽,U+51BD,렬,찰
挒,U+6312,렬,비틀
捩,U+6369,렬,비틀
颲,U+98B2,렬,사나운 바람
廉,U+5EC9,렴,청렴할
濂,U+6FC2,렴,내 이름
簾,U+7C3E,렴,발
斂,U+6582,렴,거둘
殮,U+6BAE,렴,염할
瀲,U+7032,렴,넘칠
磏,U+78CF,렴,거친 숫돌
獵,U+7375,렵,사냥
躐,U+8E90,렵,밟을
鬣,U+9B23,렵,갈기
岭,U+5CAD,령,산 이름
岺,U+5CBA,령,재
例,U+4F8B,례,법식
禮,U+79AE,례,예도
隷,U+96B7,례,종
澧,U+6FA7,례,강 이름
醴,U+91B4,례,단술
隸,U+96B8,례,붙을
鱧,U+9C67,례,가물치
礼,U+793C,례,예도
櫨,U+6AE8,로,
蕗,U+8557,로,
潦,U+6F66,로,큰 비
瓐,U+74D0,로,
澇,U+6F87,로,
壚,U+58DA,로,흑토
滷,U+6EF7,로,소금밭
玈,U+7388,로,검을
癆,U+7646,로,종독
窂,U+7A82,로,우리
鸕,U+9E15,로,가마우지
艪,U+826A,로,노
艫,U+826B,로,뱃머리
轤,U+8F64,로,고패
虜,U+865C,로,포로
綠,U+7DA0,록,초록빛
祿,U+797F,록,복
錄,U+9304,록,기록할
鹿,U+9E7F,록,사슴
彔,U+5F54,록,나무 깍을
碌,U+788C,록,돌 모양
菉,U+83C9,록,조개풀
麓,U+9E93,록,신기슭
淥,U+6DE5,록,밭을
漉,U+6F09,록,거를
簏,U+7C0F,록,대 상자
轆,U+8F46,록,도르래
鵦,U+9D66,록,
論,U+8AD6,론,말할
弄,U+5F04,롱,희롱할
瀧,U+7027,롱,비 올
瓏,U+74CF,롱,옥소리
籠,U+7C60,롱,대그릇
壟,U+58DF,롱,언덕
朧,U+6727,롱,흐릿할
聾,U+807E,롱,귀머거리
儱,U+5131,롱,건목칠
攏,U+650F,롱,누를
曨,U+66E8,롱,어스레할
礱,U+7931,롱,갈
蘢,U+8622,롱,개여뀌
隴,U+96B4,롱,고개 이름
雷,U+96F7,뢰,우뢰
賴,U+8CF4,뢰,힘 입을
頼,U+983C,뢰,의뢰할
料,U+6599,료,되질할
了,U+4E86,료,마칠
僚,U+50DA,료,동료
龍,U+9F8D,룡,용
龒,U+9F92,룡,용
竜,U+7ADC,룡,용
柳,U+67F3,류,버들
留,U+7559,류,머무를
流,U+6D41,류,흐를
類,U+985E,류,무리
琉,U+7409,류,유리
劉,U+5289,류,죽일
硫,U+786B,류,유황
瘤,U+7624,류,혹
旒,U+65D2,류,깃발
榴,U+69B4,류,석류나무
溜,U+6E9C,류,방울져 떨어질
瀏,U+700F,류,맑을
謬,U+8B2C,류,그릇될
橊,U+6A4A,류,석류나무
縲,U+7E32,류,포승
纍,U+7E8D,류,갇힐
遛,U+905B,류,머무를
鶹,U+9DB9,류,올빼미
瑠,U+7460,류,맑은 유리
六,U+516D,륙,여섯
陸,U+9678,륙,뭍
戮,U+622E,륙,죽일
勠,U+52E0,륙,협력할
倫,U+502B,륜,인륜
輪,U+8F2A,륜,바퀴
侖,U+4F96,륜,둥글
崙,U+5D19,륜,산 이름
綸,U+7DB8,륜,낚싯줄
淪,U+6DEA,륜,물놀이
錀,U+9300,륜,
圇,U+5707,륜,완전할
掄,U+6384,륜,가릴
崘,U+5D18,륜,
律,U+5F8B,률,법
栗,U+6817,률,밤나무
率,U+7387,률,거느릴
慄,U+6144,률,두려워할
嵂,U+5D42,률,가파를
𥠲,U+25832,률,
瑮,U+746E,률,
溧,U+6EA7,률,강 이름
隆,U+9686,륭,클
癃,U+7643,륭,느른할
窿,U+7ABF,륭,활꼴
㦕,U+3995,륭,
廩,U+5EE9,름,곳집
凛,U+51DB,름,찰
菻,U+83FB,름,
澟,U+6F9F,름,서늘할
凜,U+51DC,름,찰
陵,U+9675,릉,큰 언덕
綾,U+7DBE,릉,비단
菱,U+83F1,릉,마름
稜,U+7A1C,릉,모
凌,U+51CC,릉,능가할
倰,U+5030,릉,속일
蔆,U+8506,릉,마름
楞,U+695E,릉,모
李,U+674E,리,오얏
吏,U+540F,리,벼슬아치
離,U+96E2,리,떼 놓을
裏,U+88CF,리,속
𢻠,U+22EE0,리,
犂,U+7282,리,
摛,U+645B,리,
剺,U+527A,리,벗길
哩,U+54E9,리,어조사
嫠,U+5AE0,리,과부
莅,U+8385,리,다다를
蜊,U+870A,리,참조개
螭,U+87AD,리,교륭
貍,U+8C8D,리,삵
邐,U+9090,리,이어질
魑,U+9B51,리,도깨비
黐,U+9ED0,리,끈끈이
漓,U+6F13,리,스며들
鄰,U+9130,린,이웃
麟,U+9E9F,린,기린
𪊭,U+2A2AD,린,
隣,U+96A3,린,이웃
林,U+6797,림,수풀
臨,U+81E8,림,임할
琳,U+7433,림,아름다운 옥
霖,U+9716,림,장마
淋,U+6DCB,림,물뿌릴
棽,U+68FD,림,
碄,U+7884,림,
晽,U+667D,림,
玪,U+73AA,림,
痳,U+75F3,림,임질
立,U+7ACB,립,설
笠,U+7B20,립,우리
粒,U+7C92,립,알
砬,U+782C,립,돌 소리
岦,U+5CA6,립,산 우뚝할
馬,U+99AC,마,말
麻,U+9EBB,마,삼
磨,U+78E8,마,갈
瑪,U+746A,마,마노
摩,U+6469,마,갈
痲,U+75F2,마,저릴
碼,U+78BC,마,마노
魔,U+9B54,마,마귀
媽,U+5ABD,마,어미
劘,U+5298,마,깍을
螞,U+879E,마,말거머리
蟇,U+87C7,마,개구리
麽,U+9EBD,마,잘
莫,U+83AB,막,없을
幕,U+5E55,막,막
漠,U+6F20,막,사막
寞,U+5BDE,막,쓸쓸할
膜,U+819C,막,막
邈,U+9088,막,멀
瞙,U+7799,막,눈 흐릴
鏌,U+93CC,막,칼 이름
萬,U+842C,만,일만
万,U+4E07,만,일만
末,U+672B,말,끝
茉,U+8309,말,말리
唜,U+551C,말,끌
抹,U+62B9,말,바랄
沫,U+6CAB,말,거품
襪,U+896A,말,버선
靺,U+977A,말,버선
帕,U+5E15,말,머리띠
秣,U+79E3,말,꼴
網,U+7DB2,망,그물
芒,U+8292,망,까끄라기
輞,U+8F1E,망,바퀴테
邙,U+9099,망,산 이름
惘,U+60D8,망,멍할
汒,U+6C52,망,황급할
漭,U+6F2D,망,넓을
魍,U+9B4D,망,도깨비
莽,U+83BD,망,우거질
望,U+671B,망,바랄
朢,U+6722,망,
麥,U+9EA5,맥,보리
脈,U+8108,맥,맥
貊,U+8C8A,맥,북방 종족
陌,U+964C,맥,두렁
驀,U+9A40,맥,말탈
貃,U+8C83,맥,오랑캐
貘,U+8C98,맥,짐승 이름
孟,U+5B5F,맹,맏
猛,U+731B,맹,사나울
盟,U+76DF,맹,맹세할
盲,U+76F2,맹,소경
萌,U+840C,맹,싹
氓,U+6C13,맹,백성
甍,U+750D,맹,용마루
甿,U+753F,맹,백성
虻,U+867B,맹,등에
冕,U+5195,면,면류관
棉,U+68C9,면,목화
沔,U+6C94,면,물 흐를
眄,U+7704,면,애꾸눈
緬,U+7DEC,면,가는 실
麪,U+9EAA,면,밀가루
俛,U+4FDB,면,힘쓸
湎,U+6E4E,면,빠질
緜,U+7DDC,면,햇솜
麵,U+9EB5,면,밀가루
滅,U+6EC5,멸,멸망할
蔑,U+8511,멸,업신여길
篾,U+7BFE,멸,대 껍질
衊,U+884A,멸,모독할
溟,U+6E9F,명,어두울
暝,U+669D,명,어두울
椧,U+6927,명,홈 통
皿,U+76BF,명,그릇
瞑,U+7791,명,눈 감을
茗,U+8317,명,차 싹
蓂,U+84C2,명,명협
螟,U+879F,명,마디충
酩,U+9169,명,술 취할
慏,U+614F,명,
洺,U+6D3A,명,강 이름
眀,U+7700,명,
䳟,U+4CDF,명,
謀,U+8B00,모,꾀할
模,U+6A21,모,법
貌,U+8C8C,모,얼굴
募,U+52DF,모,모을
木,U+6728,목,나무
目,U+76EE,목,눈
牧,U+7267,목,칠
睦,U+7766,목,화목할
穆,U+7A46,목,화목할
鶩,U+9DA9,목,집오리
沐,U+6C90,목,머리감을
苜,U+82DC,목,거여목
沒,U+6C92,몰,가라 앉을
歿,U+6B7F,몰,죽을
夢,U+5922,몽,꿈
蒙,U+8499,몽,입을
朦,U+6726,몽,풍부할
幪,U+5E6A,몽,덮을
懞,U+61DE,몽,어두울
曚,U+66DA,몽,어두울
溕,U+6E95,몽,이슬비
濛,U+6FDB,몽,가랑비 올
瞢,U+77A2,몽,어두울
矇,U+77C7,몽,소경
艨,U+8268,몽,싸움배
雺,U+96FA,몽,안개
鸏,U+9E0F,몽,비둘기
描,U+63CF,묘,그릴
錨,U+9328,묘,닻
畝,U+755D,묘,이랑
昴,U+6634,묘,별자리 이름
杳,U+6773,묘,어두울
渺,U+6E3A,묘,아득할
猫,U+732B,묘,고양이
淼,U+6DFC,묘,물 아득할
眇,U+7707,묘,애꾸눈
藐,U+85D0,묘,작을
貓,U+8C93,묘,고양이
妙,U+5999,묘,묘할
竗,U+7AD7,묘,땅 이름
無,U+7121,무,없을
无,U+65E0,무,없을
墨,U+58A8,묵,먹
默,U+9ED8,묵,묵묵할
嘿,U+563F,묵,고요할
門,U+9580,문,문
問,U+554F,문,물을
聞,U+805E,문,들을
文,U+6587,문,무늬
勿,U+52FF,물,말
物,U+7269,물,만물
沕,U+6C95,물,아득할
媺,U+5ABA,미,착하고 아름다울
濔,U+6FD4,미,
煝,U+715D,미,
娓,U+5A13,미,장황할
洣,U+6D23,미,
侎,U+4F8E,미,어루만질
瑂,U+7442,미,
𥹄,U+25E44,미,
㵟,U+3D5F,미,
冞,U+519E,미,점점
蘪,U+862A,미,
亹,U+4EB9,미,힘쓸
弭,U+5F2D,미,활고자
彌,U+5F4C,미,두루
弥,U+5F25,미,미륵
民,U+6C11,민,백성
敏,U+654F,민,민첩할
憫,U+61AB,민,불쌍히 여길
悶,U+60B6,민,번민할
緡,U+7DE1,민,낚시줄
𩔉,U+29509,민,
鈱,U+9231,민,
脗,U+8117,민,
閩,U+95A9,민,종족이름
盿,U+76FF,민,
罠,U+7F60,민,그물
琝,U+741D,민,
琘,U+7418,민,
緍,U+7DCD,민,낚시줄
苠,U+82E0,민,속대
鰵,U+9C35,민,대구
黽,U+9EFD,민,힘쓸
珉,U+73C9,민,아름다운돌
瑉,U+7449,민,
砇,U+7807,민,
䃉,U+40C9,민,
忞,U+5FDE,민,강인할
忟,U+5FDF,민,강인할
密,U+5BC6,밀,빽빽할
蜜,U+871C,밀,꿀
謐,U+8B10,밀,고요할
樒,U+6A12,밀,침향
滵,U+6EF5,밀,물 흐르는 모양
盤,U+76E4,반,소반
班,U+73ED,반,나눌
返,U+8FD4,반,돌이킬
叛,U+53DB,반,배반할
發,U+767C,발,쏠
拔,U+62D4,발,뺄
髮,U+9AEE,발,터럭
潑,U+6F51,발,뿌릴
鉢,U+9262,발,바리때
渤,U+6E24,발,바다이름
勃,U+52C3,발,갑작스러울
撥,U+64A5,발,다스릴
跋,U+8DCB,발,밟을
醱,U+91B1,발,술 괼
魃,U+9B43,발,가물 귀신
炦,U+70A6,발,
哱,U+54F1,발,어지러울
浡,U+6D61,발,일어날
脖,U+8116,발,배꼽
鈸,U+9238,발,방울
鵓,U+9D53,발,집비둘기
訪,U+8A2A,방,찾을
芳,U+82B3,방,꽃다울
傍,U+508D,방,곁
妨,U+59A8,방,방해할
蒡,U+84A1,방,인동 덩굴
蚌,U+868C,방,방합
謗,U+8B17,방,헐뜯을
幫,U+5E6B,방,도울
仿,U+4EFF,방,헤멜
厖,U+5396,방,클
徬,U+5FAC,방,시중들
搒,U+6412,방,배저을
旊,U+65CA,방,옹기장
梆,U+6886,방,목어
牓,U+7253,방,패
舽,U+823D,방,배
螃,U+8783,방,방게
鎊,U+938A,방,깎을
幇,U+5E47,방,도울
杯,U+676F,배,잔
盃,U+76C3,배,잔
裴,U+88F4,배,옷 치렁치렁할
裵,U+88F5,배,치렁치렁할
白,U+767D,백,흰
百,U+767E,백,일백
伯,U+4F2F,백,맏
佰,U+4F70,백,일백
帛,U+5E1B,백,비단
魄,U+9B44,백,넋
柏,U+67CF,백,나무 이름
苩,U+82E9,백,
䞟,U+479F,백,
珀,U+73C0,백,호박
栢,U+6822,백,측백
番,U+756A,번,갈마들
煩,U+7169,번,괴로워할
繁,U+7E41,번,많을
飜,U+98DC,번,뒤칠
蕃,U+8543,번,우거질
幡,U+5E61,번,기
樊,U+6A0A,번,울
燔,U+71D4,번,구울
磻,U+78FB,번,강이름
藩,U+85E9,번,덮을
繙,U+7E59,번,되풀이 풀이할
膰,U+81B0,번,제사 고기
蘩,U+8629,번,산흰쑥
袢,U+88A2,번,속옷
翻,U+7FFB,번,날
伐,U+4F10,벌,칠
罰,U+7F70,벌,죄
閥,U+95A5,벌,공훈
筏,U+7B4F,벌,떼
橃,U+6A43,벌,떼
罸,U+7F78,벌,죄
凡,U+51E1,범,무릇
犯,U+72AF,범,범할
範,U+7BC4,범,법
帆,U+5E06,범,돛
杋,U+674B,범,
氾,U+6C3E,범,넘칠
范,U+8303,범,풀 이름
梵,U+68B5,범,범어
泛,U+6CDB,범,뜰
汎,U+6C4E,범,뜰
釩,U+91E9,범,
渢,U+6E22,범,
滼,U+6EFC,범,
笵,U+7B35,범,법
訉,U+8A09,범,말 많을
颿,U+98BF,범,돛
法,U+6CD5,법,법
琺,U+743A,법,법랑
壁,U+58C1,벽,벽
碧,U+78A7,벽,푸를
檗,U+6A97,벽,황벽나무
蘗,U+8617,벽,황경나무
變,U+8B8A,변,변할
辯,U+8FAF,변,말잘할
辨,U+8FA8,변,분별할
邊,U+908A,변,가
卞,U+535E,변,조급할
弁,U+5F01,변,고깔
便,U+4FBF,변,똥오줌
釆,U+91C6,변,분별할
忭,U+5FED,변,기뻐할
抃,U+6283,변,손뼉칠
籩,U+7C69,변,제기 이름
腁,U+8141,변,살갗 틀
賆,U+8CC6,변,더할
辮,U+8FAE,변,땋을
駢,U+99E2,변,나란히 할
骿,U+9ABF,변,통갈비
鴘,U+9D18,변,매
別,U+5225,별,나눌
瞥,U+77A5,별,언뜻 볼
鼈,U+9F08,별,자라
襒,U+8952,별,
𩠻,U+2983B,별,
莂,U+8382,별,
鷩,U+9DE9,별,금계
䭱,U+4B71,별,
㔡,U+3521,별,
炦,U+70A6,별,
彆,U+5F46,별,활 뒤틀릴
鱉,U+9C49,별,자라
寶,U+5BF6,보,보배
宝,U+5B9D,보,보배
珤,U+73E4,보,보배
㻄,U+3EC4,보,
步,U+6B65,보,걸을
歩,U+6B69,보,걸을
本,U+672C,본,밑
峯,U+5CEF,봉,봉우리
峰,U+5CF0,봉,峯과 同
漨,U+6F28,봉,
浲,U+6D72,봉,
付,U+4ED8,부,줄
符,U+7B26,부,부신
附,U+9644,부,붙을
府,U+5E9C,부,곳집
北,U+5317,북,북녘
帉,U+5E09,분,걸레
枌,U+678C,분,나무 이름
棼,U+68FC,분,마룻대
棻,U+68FB,분,향내 나는 나무
氛,U+6C1B,분,기운
湓,U+6E53,분,용솟음할
濆,U+6FC6,분,뿜을
犇,U+7287,분,달아날
畚,U+755A,분,삼태기
砏,U+780F,분,큰 소리
笨,U+7B28,분,거칠
肦,U+80A6,분,머리 클
膹,U+81B9,분,고기 삶은 국
蕡,U+8561,분,들깨
不,U+4E0D,불,아닐
佛,U+4F5B,불,부처
拂,U+62C2,불,떨
彿,U+5F7F,불,비슷할
弗,U+5F17,불,아닐
岪,U+5CAA,불,산길
祓,U+7953,불,푸닥거리할
紱,U+7D31,불,인끈
艴,U+8274,불,발끈할
茀,U+8300,불,풀 우거질
韍,U+97CD,불,폐슬
髴,U+9AF4,불,비슷할
黻,U+9EFB,불,수
朋,U+670B,붕,벗
崩,U+5D29,붕,무너질
鵬,U+9D6C,붕,대붕새
棚,U+68DA,붕,시렁
硼,U+787C,붕,붕산
繃,U+7E43,붕,묶을
堋,U+580B,붕,묻을
鬅,U+9B05,붕,머리 흐트러질
漰,U+6F30,붕,물결치는 소리
祕,U+7955,비,귀신
秘,U+79D8,비,숨길
毗,U+6BD7,비,도울
毘,U+6BD8,비,도울
貧,U+8CA7,빈,가난할
賓,U+8CD3,빈,손
頻,U+983B,빈,자주
彬,U+5F6C,빈,빛날
份,U+4EFD,빈,빛날
氷,U+6C37,빙,얼음
聘,U+8058,빙,찾아가다
憑,U+6191,빙,기대다
騁,U+9A01,빙,달리다
凭,U+51ED,빙,기대다
娉,U+5A09,빙,장가들다
削,U+524A,삭,깎을
朔,U+6714,삭,초하루
數,U+6578,삭,자주
索,U+7D22,삭,동아줄
爍,U+720D,삭,빛날
鑠,U+9460,삭,녹일
搠,U+6420,삭,
槊,U+69CA,삭,창
蒴,U+84B4,삭,말오줌대
山,U+5C71,산,뫼
産,U+7523,산,낳을
散,U+6563,산,흩을
算,U+7B97,산,셀
殺,U+6BBA,살,죽일
薩,U+85A9,살,보살
乷,U+4E77,살,음역자
撒,U+6492,살,뿌릴
煞,U+715E,살,죽일
三,U+4E09,삼,석
參,U+53C3,삼,석
蔘,U+8518,삼,인삼
杉,U+6749,삼,삼나무
衫,U+886B,삼,적삼
滲,U+6EF2,삼,스밀
芟,U+829F,삼,벨
森,U+68EE,삼,나무빽빽할
糝,U+7CDD,삼,나물죽
釤,U+91E4,삼,낫
鬖,U+9B16,삼,헝클어질
插,U+63D2,삽,꽂을
澁,U+6F81,삽,떫을
鈒,U+9212,삽,창
颯,U+98AF,삽,바람소리
卅,U+5345,삽,서른
唼,U+553C,삽,쪼아먹을
歃,U+6B43,삽,마실
翣,U+7FE3,삽,운삽
鍤,U+9364,삽,가래
霅,U+9705,삽,비올
霎,U+970E,삽,가랑비
揷,U+63F7,삽,꽂을
傷,U+50B7,상,상처
喪,U+55AA,상,죽을
嘗,U+5617,상,맛볼
裳,U+88F3,상,치마
塞,U+585E,새,변방
璽,U+74BD,새,도장
賽,U+8CFD,새,굿할
鰓,U+9C13,새,뿔심
愢,U+6122,새,
㘔,U+3614,새,
色,U+8272,색,빛
索,U+7D22,색,찾을
嗇,U+55C7,색,아낄
穡,U+7A61,색,거둘
塞,U+585E,색,막힐
槭,U+69ED,색,나뭇잎 떨어져 앙상할
濇,U+6FC7,색,껄끄러울
瀒,U+7012,색,껄끄러울
生,U+751F,생,날
牲,U+7272,생,희생
甥,U+7525,생,생질
省,U+7701,생,덜
笙,U+7B19,생,생황
眚,U+771A,생,눈에백태낄
鉎,U+924E,생,녹
敍,U+654D,서,차례
徐,U+5F90,서,천천할
庶,U+5EB6,서,여러
恕,U+6055,서,용서할
薯,U+85AF,서,참마
鋤,U+92E4,서,호미
黍,U+9ECD,서,기장
鼠,U+9F20,서,쥐
藇,U+85C7,서,
揟,U+63DF,서,나무이름
悆,U+6086,서,
湑,U+6E51,서,거를
偦,U+5066,서,
稰,U+7A30,서,
㷂,U+3DC2,서,
遾,U+907E,서,
噬,U+566C,서,씹을
撕,U+6495,서,훈계할
壻,U+58FB,서,사위
婿,U+5A7F,서,사위
嶼,U+5DBC,서,섬
㠘,U+3818,서,
㣽,U+38FD,서,
晳,U+6673,석,밝을
晰,U+6670,석,밝을
善,U+5584,선,착할
船,U+8239,선,배
選,U+9078,선,가릴
宣,U+5BA3,선,베풀
膳,U+81B3,선,반찬
饍,U+994D,선,반찬
雪,U+96EA,설,눈
說,U+8AAA,설,말씀
設,U+8A2D,설,베풀
舌,U+820C,설,혀
禼,U+79BC,설,
卨,U+5368,설,사람이름
涉,U+6D89,섭,물 건널
攝,U+651D,섭,몰아 잡을
燮,U+71EE,섭,불에 익힐
葉,U+8449,섭,고을이름
㰔,U+3C14,섭,
𦁗,U+26057,섭,
躞,U+8E9E,섭,족자 마구리
躡,U+8EA1,섭,밟을
囁,U+56C1,섭,말하려다 멈출
懾,U+61FE,섭,무서울
灄,U+7044,섭,흠치르르할
聶,U+8076,섭,소곤거릴
鑷,U+9477,섭,쪽집게
顳,U+9873,섭,귀밑 뼈
誠,U+8AA0,성,미쁠
盛,U+76DB,성,담을
省,U+7701,성,살필
聖,U+8056,성,성인
晟,U+665F,성,밝을
晠,U+6660,성,
貰,U+8CB0,세,빌릴
笹,U+7B39,세,가는 대
說,U+8AAA,세,달랠
忕,U+5FD5,세,
洒,U+6D12,세,씻을
涗,U+6D97,세,
𡜧,U+21727,세,
銴,U+92B4,세,
彗,U+5F57,세,혜성
帨,U+5E28,세,차는 수건
繐,U+7E50,세,가늘고 성긴 베
蛻,U+86FB,세,매미 허물
涑,U+6D91,속,헹굴
謖,U+8B16,속,일어날
贖,U+8D16,속,속바칠
洬,U+6D2C,속,비 올
遬,U+906C,속,공손할
孫,U+5B6B,손,손자
損,U+640D,손,덜
遜,U+905C,손,순할
巽,U+5DFD,손,사양할
蓀,U+84C0,손,향풀 이름
飧,U+98E7,손,저녁밥
飡,U+98E1,손,저녁밥
宋,U+5B8B,송,송나라
淞,U+6DDE,송,강이름
悚,U+609A,송,두려울
竦,U+7AE6,송,공경할
憽,U+61BD,송,
鬆,U+9B06,송,터럭 더부룩할
刷,U+5237,쇄,긁을
鎖,U+9396,쇄,자물쇠
殺,U+6BBA,쇄,빠를
灑,U+7051,쇄,뿌릴
碎,U+788E,쇄,부술
曬,U+66EC,쇄,쬘
瑣,U+7463,쇄,옥가루
鎻,U+93BB,쇄,
𮕩,U+2E569,쇠,
釗,U+91D7,쇠,쇠
壽,U+58FD,수,목숨
數,U+6578,수,헤아릴
修,U+4FEE,수,닦을
秀,U+79C0,수,빼어날
岫,U+5CAB,수,바위구멍
峀,U+5CC0,수,산굴
豎,U+8C4E,수,세울
竪,U+7AEA,수,세울
讎,U+8B8E,수,짝
讐,U+8B90,수,원수
塾,U+587E,숙,사랑방
琡,U+7421,숙,옥 이름
璹,U+74B9,숙,옥 그릇
橚,U+6A5A,숙,길고 꼿꼿할
夙,U+5919,숙,이를
潚,U+6F5A,숙,빠를
菽,U+83FD,숙,콩
倏,U+500F,숙,잠간
俶,U+4FF6,숙,비롯할
儵,U+5135,숙,잿빛
婌,U+5A4C,숙,궁녀 벼슬이름
驌,U+9A4C,숙,좋은말
鷫,U+9DEB,숙,숙상새
橓,U+6A53,순,무궁화나무
蓴,U+84F4,순,순나물
蕣,U+8563,순,무궁화
詢,U+8A62,순,꾀할
馴,U+99B4,순,길들일
盾,U+76FE,순,방패
峋,U+5CCB,순,후미질
姰,U+59F0,순,
畃,U+7543,순,
侚,U+4F9A,순,좇을
盹,U+76F9,순,눈 감을
眴,U+7734,순,눈짓할
紃,U+7D03,순,신에 실선 두를
肫,U+80AB,순,광대뼈
戌,U+620C,술,개
述,U+8FF0,술,이을
術,U+8853,술,재주
鉥,U+9265,술,돗바늘
𡊍,U+2128D,술,
絉,U+7D49,술,끈
崇,U+5D07,숭,높을
嵩,U+5D69,숭,높을
崧,U+5D27,숭,산 불끈 솟을
菘,U+83D8,숭,배추
習,U+7FD2,습,익힐
拾,U+62FE,습,주울
濕,U+6FD5,습,젖을
襲,U+8972,습,옷 덧입을
褶,U+8936,습,슬갑
慴,U+6174,습,두려워할
槢,U+69E2,습,
隰,U+96B0,습,진펄
丞,U+4E1E,승,이을
陞,U+965E,승,오를
繩,U+7E69,승,노끈
蠅,U+8805,승,파리
升,U+5347,승,되
榺,U+69BA,승,
氶,U+6C36,승,
塍,U+584D,승,밭두둑
㞼,U+37BC,승,
陹,U+9679,승,
鬙,U+9B19,승,터럭 더부룩할
㴍,U+3D0D,승,
阩,U+9629,승,
詩,U+8A69,시,귀글
施,U+65BD,시,베풀
試,U+8A66,시,시험할
始,U+59CB,시,비로소
柹,U+67F9,시,감
柿,U+67FF,시,감나무
枾,U+67BE,시,감나무
栻,U+683B,식,점판
埴,U+57F4,식,찰진흙
殖,U+6B96,식,날
湜,U+6E5C,식,물 맑을
軾,U+8EFE,식,수레앞 가로막이 나무
寔,U+5BD4,식,이
拭,U+62ED,식,닦을
熄,U+7184,식,불 꺼질
篒,U+7BD2,식,대밥통
蝕,U+8755,식,벌레먹을
媳,U+5AB3,식,며느리
信,U+4FE1,신,믿을
辛,U+8F9B,신,매울
新,U+65B0,신,새
伸,U+4F38,신,펼
失,U+5931,실,잃을
室,U+5BA4,실,집
實,U+5BE6,실,열매
悉,U+6089,실,모두
蟋,U+87CB,실,귀뚜라미
実,U+5B9F,실,열매
沁,U+6C81,심,스며들
沈,U+6C88,심,성씨
瀋,U+700B,심,즙 낼
芯,U+82AF,심,등심초
諶,U+8AF6,심,참
潯,U+6F6F,심,물가
燖,U+71D6,심,삶을
葚,U+845A,심,뽕나무 열매
鐔,U+9414,심,칼날 아래 코등이
鱏,U+9C4F,심,칼철갑상어
十,U+5341,십,열
什,U+4EC0,십,열 사람
拾,U+62FE,십,十의 갖은
雙,U+96D9,쌍,짝
双,U+53CC,쌍,짝
氏,U+6C0F,씨,성
硪,U+786A,아,
皒,U+7692,아,
砑,U+7811,아,갈
婭,U+5A6D,아,
椏,U+690F,아,
啊,U+554A,아,사랑할
妿,U+59BF,아,
猗,U+7317,아,부드러울
枒,U+6792,아,
丫,U+4E2B,아,가장귀
疴,U+75B4,아,앓을
笌,U+7B0C,아,대싹
迓,U+8FD3,아,마중할
錏,U+930F,아,투구의 목가림
惡,U+60E1,악,나쁠
岳,U+5CB3,악,큰 산
晏,U+664F,안,늦을
按,U+6309,안,살필
鞍,U+978D,안,안장
鮟,U+9B9F,안,아귀
𤎝,U+2439D,안,
姲,U+59F2,안,
婩,U+5A69,안,
矸,U+77F8,안,
侒,U+4F92,안,편안할
䭓,U+4B53,안,
犴,U+72B4,안,들개
錌,U+930C,안,
妟,U+599F,안,
雁,U+96C1,안,기러기
鴈,U+9D08,안,기러기
案,U+6848,안,책상
桉,U+6849,안,안석
謁,U+8B01,알,아뢸
斡,U+65A1,알,돌릴
軋,U+8ECB,알,수레 삐걱거릴
閼,U+95BC,알,가로막을
嘎,U+560E,알,새소리
揠,U+63E0,알,뽑을
穵,U+7A75,알,구멍
訐,U+8A10,알,들추어 낼
遏,U+904F,알,막을
頞,U+981E,알,콧마루
鴶,U+9D36,알,뻐꾸기
暗,U+6697,암,어두울
巖,U+5DD6,암,바위
岩,U+5CA9,암,바위
壓,U+58D3,압,누를
押,U+62BC,압,수결 둘
鴨,U+9D28,압,오리
狎,U+72CE,압,친근할
仰,U+4EF0,앙,우러를
央,U+592E,앙,가운데
殃,U+6B83,앙,재앙
鴦,U+9D26,앙,암원앙새
怏,U+600F,앙,원망할
秧,U+79E7,앙,모
昂,U+6602,앙,높을
卬,U+536C,앙,자기
坱,U+5771,앙,티끌
盎,U+76CE,앙,동이
鞅,U+9785,앙,가슴걸이
泱,U+6CF1,앙,끝없을
昻,U+663B,앙,오를
愛,U+611B,애,사랑
哀,U+54C0,애,슬플
涯,U+6DAF,애,물가
娭,U+5A2D,애,계집종
崕,U+5D15,애,낭떠러지
挨,U+6328,애,밀칠
捱,U+6371,애,막을
欸,U+6B38,애,한숨쉴
漄,U+6F04,애,물가
獃,U+7343,애,어리석을
皚,U+769A,애,흴
睚,U+775A,애,눈흘길
瞹,U+77B9,애,흐릿할
磑,U+78D1,애,맷돌
薆,U+8586,애,숨겨질
藹,U+85F9,애,화기로울
靉,U+9749,애,구름낄
礙,U+7919,애,막을
碍,U+788D,애,거리낄
厄,U+5384,액,재앙
額,U+984D,액,이마
液,U+6DB2,액,즙
扼,U+627C,액,움켜쥘
掖,U+6396,액,겨드랑이에 낄
縊,U+7E0A,액,목 맬
腋,U+814B,액,겨드랑이
呝,U+545D,액,울
戹,U+6239,액,좁을
搤,U+6424,액,움켜쥘
阨,U+9628,액,막힐
也,U+4E5F,야,단정의 어조사
夜,U+591C,야,밤
野,U+91CE,야,들판
耶,U+8036,야,의문의 어조야
冶,U+51B6,야,단련할
倻,U+503B,야,땅이름
惹,U+60F9,야,끌릴
椰,U+6930,야,야자나무
爺,U+723A,야,아비
若,U+82E5,야,땅이름
捓,U+6353,야,
埜,U+57DC,야,들판
揶,U+63F6,야,희롱할
葯,U+846F,약,꽃밥
蒻,U+84BB,약,구약나물
爚,U+721A,약,스러질
禴,U+79B4,약,종묘의 여름제사
篛,U+7BDB,약,죽순
籥,U+7C65,약,피리
鑰,U+9470,약,자물쇠
鶸,U+9DB8,약,댓닭
龠,U+9FA0,약,피리
陽,U+967D,양,볕
讓,U+8B93,양,사양할
壤,U+58E4,양,흙
樣,U+6A23,양,모양
昜,U+661C,양,
揚,U+63DA,양,드높일
敭,U+656D,양,오를
圄,U+5704,어,가둘
瘀,U+7600,어,어혈질
禦,U+79A6,어,막을
馭,U+99AD,어,말 부릴
齬,U+9F6C,어,이 어긋날
唹,U+5539,어,고요히 웃을
䘘,U+4618,어,
圉,U+5709,어,마부
敔,U+6554,어,금할
淤,U+6DE4,어,앙금
飫,U+98EB,어,먹기 싫을
億,U+5104,억,억
憶,U+61B6,억,생각
抑,U+6291,억,누를
檍,U+6A8D,억,참죽나무
臆,U+81C6,억,가슴
繶,U+7E76,억,땋은 노
言,U+8A00,언,말씀
焉,U+7109,언,어찌
諺,U+8AFA,언,상말
彥,U+5F65,언,착한 선비
偃,U+5043,언,자빠질
堰,U+5830,언,방죽
嫣,U+5AE3,언,생긋생긋 웃을
傿,U+50BF,언,고을 이름
匽,U+533D,언,숨길
讞,U+8B9E,언,죄 의논할
鄢,U+9122,언,땅이름
鼴,U+9F34,언,두더쥐
鼹,U+9F39,언,두더지
嘕,U+5615,언,기꺼워할
鶠,U+9DA0,언,
彦,U+5F66,언,착한 선비
孼,U+5B7C,얼,첩자식
蘖,U+8616,얼,그루터기
糱,U+7CF1,얼,
乻,U+4E7B,얼,땅 이름
臬,U+81EC,얼,법
糵,U+7CF5,얼,
嚴,U+56B4,엄,굳셀
奄,U+5944,엄,문득
俺,U+4FFA,엄,자기
掩,U+63A9,엄,거둘
儼,U+513C,엄,공경할
淹,U+6DF9,엄,담글
龑,U+9F91,엄,
崦,U+5D26,엄,해 지는 산 이름
曮,U+66EE,엄,해 다니는 길
罨,U+7F68,엄,그물
醃,U+9183,엄,절일
閹,U+95B9,엄,고자
广,U+5E7F,엄,바윗집
厳,U+53B3,엄,엄할
業,U+696D,업,일
嶪,U+5DAA,업,산이 높고 웅장할
嶫,U+5DAB,업,험춘할
鄴,U+9134,업,땅이름
歟,U+6B5F,여,그런가할 어조사
璵,U+74B5,여,보배옥
礖,U+7916,여,여돌
艅,U+8245,여,나룻배
茹,U+8339,여,띠 뿌리
轝,U+8F5D,여,수레
妤,U+59A4,여,
悆,U+6086,여,
舁,U+8201,여,마주들
伃,U+4F03,여,궁녀 벼슬이름
侞,U+4F9E,여,온순할
晹,U+6679,역,
繹,U+7E79,역,삭일
嶧,U+5DA7,역,연달아 있는 산
懌,U+61CC,역,기꺼울
淢,U+6DE2,역,빨리 흐를
閾,U+95BE,역,문지방
燃,U+71C3,연,불사를
燕,U+71D5,연,제비
沿,U+6CBF,연,물 따라 내려갈
鉛,U+925B,연,납
涎,U+6D8E,연,침
縯,U+7E2F,연,길
鳶,U+9CF6,연,솔개
硯,U+786F,연,벼루
曣,U+66E3,연,더울
㜣,U+3723,연,
醼,U+91BC,연,
兗,U+5157,연,고을이름
嬿,U+5B3F,연,아름다울
莚,U+839A,연,만연할
瓀,U+74C0,연,
均,U+5747,연,고를
戭,U+622D,연,
囦,U+56E6,연,물 깊을
姸,U+59F8,연,고울
妍,U+598D,연,고울
娟,U+5A1F,연,어여쁠
姢,U+59E2,연,고울
軟,U+8EDF,연,부드러울
輭,U+8F2D,연,
熱,U+71B1,열,뜨거울
悅,U+6085,열,즐거울
閱,U+95B1,열,겪을
說,U+8AAA,열,기꺼울
咽,U+54BD,열,목 멜
潱,U+6F71,열,
噎,U+564E,열,목 멜
炎,U+708E,염,불꽃
染,U+67D3,염,꼭두서니
鹽,U+9E7D,염,소금
艷,U+8277,염,고울
艶,U+8276,염,고울
葉,U+8449,엽,잎
燁,U+71C1,엽,불 이글글할
曄,U+66C4,엽,빛날
熀,U+7180,엽,불빛 이글이글할
曅,U+66C5,엽,빛날
爗,U+7217,엽,불 이글글할
靨,U+9768,엽,웃는 볼 옴쏙 들어갈
枼,U+67BC,엽,
泳,U+6CF3,영,헤엄칠
詠,U+8A60,영,읊을
營,U+71DF,영,지을
影,U+5F71,영,그림자
潁,U+6F41,영,물 이름
瀛,U+701B,영,큰 바다
纓,U+7E93,영,갓끈
霙,U+9719,영,눈꽃
嬴,U+5B34,영,성씨
𢥏,U+2294F,영,
蠑,U+8811,영,도마뱀
朠,U+6720,영,
浧,U+6D67,영,잠길
䀴,U+4034,영,
栐,U+6810,영,
濴,U+6FF4,영,물 졸졸 흐를
癭,U+766D,영,목 혹
韺,U+97FA,영,풍류이름
藝,U+85DD,예,재주
豫,U+8C6B,예,기쁠
譽,U+8B7D,예,칭찬할
銳,U+92B3,예,날카로울
誤,U+8AA4,오,그릇할
烏,U+70CF,오,까마귀
汚,U+6C5A,오,더러울
嗚,U+55DA,오,탄식할
鼇,U+9F07,오,매우 큰 자라
鰲,U+9C32,오,큰 자라
玉,U+7389,옥,구슬
屋,U+5C4B,옥,집
獄,U+7344,옥,감옥
沃,U+6C83,옥,기름질
鈺,U+923A,옥,보배
溫,U+6EAB,온,따뜻할
穩,U+7A69,온,편안할
稳,U+7A33,온,편안할
𥁕,U+25055,온,
昷,U+6637,온,어질
翁,U+7FC1,옹,늙은이
擁,U+64C1,옹,안을
瓦,U+74E6,와,질그릇
臥,U+81E5,와,누울
完,U+5B8C,완,완전할
緩,U+7DE9,완,느즈러질
腕,U+8155,완,팔뚝
豌,U+8C4C,완,동부
阮,U+962E,완,성씨
頑,U+9811,완,완고할
妧,U+59A7,완,좋을
岏,U+5C8F,완,산 뾰족할
鋺,U+92FA,완,저울 바탕
抏,U+628F,완,
杬,U+676C,완,몸 주무를
刓,U+5213,완,깎을
忨,U+5FE8,완,탐할
惋,U+60CB,완,한탄할
涴,U+6DB4,완,물 굽이쳐 흐를
盌,U+76CC,완,은 바리
曰,U+66F0,왈,가로되
王,U+738B,왕,임금
往,U+5F80,왕,갈
旺,U+65FA,왕,고울
汪,U+6C6A,왕,물 출렁출렁할
枉,U+6789,왕,굽을
瀇,U+7007,왕,아득할
迬,U+8FEC,왕,갈
外,U+5916,외,바깥
畏,U+754F,외,두려울
嵬,U+5D6C,외,산 뾰족할
巍,U+5DCD,외,높을
猥,U+7325,외,더러울
偎,U+504E,외,사랑할
嵔,U+5D54,외,산이름
崴,U+5D34,외,평평치 아니할
渨,U+6E28,외,더러울
煨,U+7168,외,불에 묻어 구울
碨,U+78A8,외,돌 자갈 땅
磈,U+78C8,외,돌 사닥다리
聵,U+8075,외,배냇귀머거리
隗,U+9697,외,높을
橈,U+6A48,요,노
燿,U+71FF,요,비칠
窈,U+7A88,요,고요할
窯,U+7AAF,요,기와가마
繇,U+7E47,요,따를
繞,U+7E5E,요,얽힐
蟯,U+87EF,요,촌백충
邀,U+9080,요,맞을
暚,U+669A,요,
偠,U+5060,요,허리 가늘
喓,U+5593,요,벌레소리
坳,U+5773,요,우묵할
墝,U+589D,요,메마른 밭
嬈,U+5B08,요,예쁜체 할
欲,U+6B32,욕,욕심낼
浴,U+6D74,욕,깨끗이할
慾,U+617E,욕,욕심낼
辱,U+8FB1,욕,욕될
縟,U+7E1F,욕,꾸밀
褥,U+8925,욕,요
溽,U+6EBD,욕,유월 더위
蓐,U+84D0,욕,새싹
用,U+7528,용,쓸
勇,U+52C7,용,날랠
容,U+5BB9,용,얼굴
庸,U+5EB8,용,쓸
鎔,U+9394,용,불릴
熔,U+7194,용,쇠 녹일
涌,U+6D8C,용,물 넘칠
湧,U+6E67,용,물 넘칠
宂,U+5B82,용,번잡할
冗,U+5197,용,쓸데없을
雨,U+96E8,우,비
㲾,U+3CBE,우,
宇,U+5B87,우,집
㝢,U+3762,우,
旭,U+65ED,욱,빛날
昱,U+6631,욱,햇빛 밝을
煜,U+715C,욱,비칠
郁,U+90C1,욱,문채날
頊,U+980A,욱,머리 굽실거릴
彧,U+5F67,욱,빛날
勖,U+52D6,욱,힘쓸
栯,U+682F,욱,산앵두
燠,U+71E0,욱,더울
稢,U+7A22,욱,
𢒰,U+224B0,욱,
稶,U+7A36,욱,서직 무성할
云,U+4E91,운,이를
雲,U+96F2,운,구름
運,U+904B,운,움직일
韻,U+97FB,운,울림
篔,U+7BD4,운,왕대나무
䉙,U+4259,운,
雄,U+96C4,웅,수컷
熊,U+718A,웅,곰
園,U+5712,원,동산
怨,U+6028,원,원망할
圓,U+5713,원,둥글
員,U+54E1,원,관원
阮,U+962E,원,원나라
鴛,U+9D1B,원,숫원앙새
褑,U+8911,원,
朊,U+670A,원,
杬,U+676C,원,몸 주무를
鋺,U+92FA,원,저울 바탕
冤,U+51A4,원,원통할
笎,U+7B0E,원,
邍,U+908D,원,
倇,U+5007,원,
楥,U+6965,원,떡갈나무
芫,U+82AB,원,고기 잡는 풀
薗,U+8597,원,동산
蜿,U+873F,원,굼틀거릴
寃,U+5BC3,원,원통할
貟,U+8C9F,원,
月,U+6708,월,달
越,U+8D8A,월,넘을
鉞,U+925E,월,도끼
刖,U+5216,월,발꿈치 자를
粤,U+7CA4,월,말 내킬
遺,U+907A,유,잃어버릴
幼,U+5E7C,유,어릴
幽,U+5E7D,유,숨을
惟,U+60DF,유,꾀할
鍮,U+936E,유,놋쇠
曘,U+66D8,유,
婑,U+5A51,유,
囿,U+56FF,유,엔담
牖,U+7256,유,엇살창
逌,U+900C,유,빙그레할
姷,U+59F7,유,
聈,U+8048,유,
蕤,U+8564,유,더북할
甤,U+7524,유,
湵,U+6E75,유,
瑈,U+7448,유,
需,U+9700,유,음식
揉,U+63C9,유,풀
兪,U+516A,유,그럴
俞,U+4FDE,유,대답할
濡,U+6FE1,유,적실
㴗,U+3D17,유,
肉,U+8089,육,고기
育,U+80B2,육,기를
堉,U+5809,육,기름진 땅
毓,U+6BD3,육,기를
儥,U+5125,육,팔
閏,U+958F,윤,윤달
潤,U+6F64,윤,젖을
尹,U+5C39,윤,다스릴
允,U+5141,윤,미쁠
玧,U+73A7,윤,귀막이 구슬
鈗,U+9217,윤,창
胤,U+80E4,윤,맏아들
阭,U+962D,윤,
奫,U+596B,윤,물 깊을
贇,U+8D07,윤,예쁠
昀,U+6600,윤,햇빛
荺,U+837A,윤,
鋆,U+92C6,윤,금
橍,U+6A4D,윤,
沇,U+6C87,윤,물 졸졸 흐를
匀,U+5300,윤,나눌
䦞,U+499E,윤,
閠,U+95A0,윤,
㣧,U+38E7,윤,
恩,U+6069,은,은혜
銀,U+9280,은,은
隱,U+96B1,은,숨을
訢,U+8A22,은,기뻐할
蒑,U+8491,은,
泿,U+6CFF,은,
蒽,U+84BD,은,
憖,U+6196,은,물을
圁,U+5701,은,물이름
嶾,U+5DBE,은,
𪙤,U+2A664,은,
𰜩,U+30729,은,
嚚,U+569A,은,어리석을
垽,U+57BD,은,해감
狺,U+72FA,은,뭇 개 짖는 소리
癮,U+766E,은,두드러기
訔,U+8A14,은,시비할
誾,U+8ABE,은,화평할
𨶡,U+28DA1,은,
乙,U+4E59,을,새
圪,U+572A,을,
鳦,U+9CE6,을,제비
蔭,U+852D,음,덮을
愔,U+6114,음,조용할
韾,U+97FE,음,
喑,U+5591,음,소리지를
崟,U+5D1F,음,멧부리
廕,U+5ED5,음,덮을
霪,U+972A,음,장마
噾,U+567E,음,
邑,U+9091,읍,고을
泣,U+6CE3,읍,눈물 줄줄 흘릴
揖,U+63D6,읍,읍할
悒,U+6092,읍,답답할
挹,U+6339,읍,잡아당길
浥,U+6D65,읍,젖을
應,U+61C9,응,응당
凝,U+51DD,응,엉길
膺,U+81BA,응,가슴
鷹,U+9DF9,응,매
𥌾,U+2533E,응,
矣,U+77E3,의,말 그칠
醫,U+91AB,의,의원
意,U+610F,의,뜻
宜,U+5B9C,의,옳을
医,U+533B,의,의원
邇,U+9087,이,가까울
飴,U+98F4,이,엿
貳,U+8CB3,이,두
媐,U+5A90,이,
杝,U+675D,이,
䏪,U+43EA,이,
㛅,U+36C5,이,
珆,U+73C6,이,옥돌
鴯,U+9D2F,이,
羡,U+7FA1,이,고을 이름
巸,U+5DF8,이,
佴,U+4F74,이,버금
廙,U+5ED9,이,
咿,U+54BF,이,선웃음칠
彝,U+5F5D,이,떳떳할
彛,U+5F5B,이,떳떳할
益,U+76CA,익,더할
翼,U+7FFC,익,날개
翊,U+7FCA,익,도울
瀷,U+7037,익,강이름
謚,U+8B1A,익,웃을
翌,U+7FCC,익,다음날
熤,U+71A4,익,빛날
弋,U+5F0B,익,주살
鷁,U+9DC1,익,익새
忍,U+5FCD,인,참을
認,U+8A8D,인,알
寅,U+5BC5,인,세째지지
印,U+5370,인,도장
一,U+4E00,일,한
日,U+65E5,일,날
逸,U+9038,일,달아날
溢,U+6EA2,일,넘칠
鎰,U+93B0,일,중량
馹,U+99B9,일,역말
佾,U+4F7E,일,춤
佚,U+4F5A,일,편안할
壹,U+58F9,일,한
劮,U+52AE,일,기쁠
泆,U+6CC6,일,끊을
軼,U+8EFC,일,앞지를
欥,U+6B25,일,
𨓜,U+284DC,일,
壬,U+58EC,임,아홉째천간
任,U+4EFB,임,맡길
賃,U+8CC3,임,품팔이
妊,U+598A,임,아이밸
稔,U+7A14,임,곡식익을
恁,U+6041,임,생각할
荏,U+834F,임,들깨
䚾,U+46BE,임,
䛘,U+46D8,임,
絍,U+7D4D,임,짤
衽,U+887D,임,옷깃
銋,U+928B,임,젖을
飪,U+98EA,임,익힐
姙,U+59D9,임,아이 밸
入,U+5165,입,들
廿,U+5EFF,입,스물
卄,U+5344,입,스물
姊,U+59CA,자,
慈,U+6148,자,사랑할
茲,U+8332,자,무성할
紫,U+7D2B,자,자주빛
秄,U+79C4,자,
褯,U+892F,자,
呰,U+5470,자,주차할
嬨,U+5B28,자,계집성품너그러고순할
孖,U+5B56,자,쌍둥이
孶,U+5B76,자,부지런할
柘,U+67D8,자,산뽕나무
泚,U+6CDA,자,맑을
牸,U+7278,자,암컷
眦,U+7726,자,흘길
眥,U+7725,자,흘길
耔,U+8014,자,복돋을
胾,U+80FE,자,고깃점
茈,U+8308,자,지치
姉,U+59C9,자,손위 누이
玆,U+7386,자,이
作,U+4F5C,작,지을
昨,U+6628,작,어제
酌,U+914C,작,따를
爵,U+7235,작,벼슬
殘,U+6B98,잔,해칠
孱,U+5B71,잔,잔약할
棧,U+68E7,잔,잔교
潺,U+6F7A,잔,물이 줄줄 흐르는 모양
盞,U+76DE,잔,작은 술잔
剗,U+5257,잔,깍을
驏,U+9A4F,잔,안장 얹지 않은 말
潛,U+6F5B,잠,잠길
暫,U+66AB,잠,잠시
箴,U+7BB4,잠,바늘
岑,U+5C91,잠,봉우리
簪,U+7C2A,잠,비녀
蠶,U+8836,잠,누에
涔,U+6D94,잠,괸물
潜,U+6F5C,잠,잠길
雜,U+96DC,잡,섞일
卡,U+5361,잡,관
囃,U+56C3,잡,장단 잡을
眨,U+7728,잡,눈 깜작일
磼,U+78FC,잡,산 높을
襍,U+894D,잡,섞일
莊,U+838A,장,엄할
裝,U+88DD,장,차려 입을
奬,U+596C,장,도울
墻,U+58BB,장,담
獐,U+7350,장,노루
臧,U+81E7,장,착할
贓,U+8D13,장,장물
醬,U+91AC,장,장
傽,U+50BD,장,놀랄
妝,U+599D,장,꾸밀
嬙,U+5B19,장,궁녀
嶂,U+5D82,장,높고 가파른 산
廧,U+5EE7,장,담
戕,U+6215,장,죽일
牂,U+7242,장,암양
瘴,U+7634,장,장기
糚,U+7CDA,장,단장할
羘,U+7F98,장,수양
栽,U+683D,재,심을
再,U+518D,재,두 번
哉,U+54C9,재,비로소
災,U+707D,재,재앙
㘽,U+363D,재,
爭,U+722D,쟁,다툴
錚,U+931A,쟁,쇳소리 쟁그렁거릴
箏,U+7B8F,쟁,쟁
諍,U+8ACD,쟁,간할
崢,U+5D22,쟁,가파를
猙,U+7319,쟁,밉살스럴
琤,U+7424,쟁,옥소리
鎗,U+9397,쟁,금석소리
箸,U+7BB8,저,젓가락
紵,U+7D35,저,모시
菹,U+83F9,저,김치
藷,U+85F7,저,마
詛,U+8A5B,저,저주할
躇,U+8E87,저,머뭇거릴
這,U+9019,저,맞을
雎,U+96CE,저,저구
齟,U+9F5F,저,이 어긋날
宁,U+5B81,저,조회 받는 곳
岨,U+5CA8,저,돌산에 흙 덮일
杼,U+677C,저,북
柢,U+67E2,저,뿌리
氐,U+6C10,저,낮을
滴,U+6EF4,적,물방울
摘,U+6458,적,딸
寂,U+5BC2,적,고요할
籍,U+7C4D,적,문서
展,U+5C55,전,펼칠
戰,U+6230,전,싸움
電,U+96FB,전,번개
錢,U+9322,전,돈
鐫,U+942B,전,새길
顫,U+986B,전,사지 떨릴
餞,U+991E,전,전별잔치
吮,U+542E,전,빨
囀,U+56C0,전,새 지저귈
嫥,U+5AE5,전,아름다울
屇,U+5C47,전,구멍
巓,U+5DD3,전,산꼭대기
戩,U+6229,전,다할
揃,U+63C3,전,가를
旃,U+65C3,전,기
栴,U+6834,전,향나무
湔,U+6E54,전,빨
澶,U+6FB6,전,물이름
晢,U+6662,절,밝을
截,U+622A,절,끊을
浙,U+6D59,절,쌀 씻을
癤,U+7664,절,멍울
岊,U+5C8A,절,산 모퉁이 우뚝 내밀
絕,U+7D55,절,끊을
絶,U+7D76,절,끊을
店,U+5E97,점,가게
占,U+5360,점,점칠
點,U+9EDE,점,더러울
漸,U+6F38,점,번질
点,U+70B9,점,점
奌,U+594C,점,점찍을
接,U+63A5,접,사귈
蝶,U+8776,접,들나비
摺,U+647A,접,접을
椄,U+6904,접,나무 접붙일
楪,U+696A,접,널평상
蜨,U+8728,접,나비
跕,U+8DD5,접,미끄러질
蹀,U+8E40,접,저벅저벅 걸을
鰈,U+9C08,접,가자미
精,U+7CBE,정,정교할
情,U+60C5,정,뜻
靜,U+975C,정,고요할
淨,U+6DE8,정,맑을
渟,U+6E1F,정,물 고일
釘,U+91D8,정,창
涏,U+6D8F,정,
𩓞,U+294DE,정,
婷,U+5A77,정,아리따울
旌,U+65CC,정,장목기
檉,U+6A89,정,능수버들
瀞,U+701E,정,맑을
睛,U+775B,정,눈 검은자위
碇,U+7887,정,닻돌
穽,U+7A7D,정,구덩이
艇,U+8247,정,거룻배
諪,U+8AEA,정,조정할
酊,U+914A,정,비틀거릴
静,U+9759,정,
姼,U+59FC,제,
晢,U+6662,제,별이 반짝반짝 할
娣,U+5A23,제,여동생
擠,U+64E0,제,물리칠
猘,U+7318,제,미친개
睇,U+7747,제,흘끗 볼
稊,U+7A0A,제,강아지풀
緹,U+7DF9,제,붉은 비단
踶,U+8E36,제,찰
蹏,U+8E4F,제,굽
躋,U+8E8B,제,오를
鍗,U+9357,제,큰 가마
隄,U+9684,제,둑
韲,U+97F2,제,양념할
濟,U+6FDF,제,나루
済,U+6E08,제,건널
雕,U+96D5,조,독수리
昭,U+662D,조,밝을
嶆,U+5D86,조,
佻,U+4F7B,조,방정맞을
傮,U+50AE,조,마칠
刁,U+5201,조,바라
厝,U+539D,조,둘
嘈,U+5608,조,지껄일
噪,U+566A,조,떠들썩할
嬥,U+5B25,조,날씬할
徂,U+5F82,조,갈
懆,U+61C6,조,근심할
找,U+627E,조,채울
殂,U+6B82,조,죽을
曹,U+66F9,조,무리
曺,U+66FA,조,성
棗,U+68D7,조,대추나무
𠄬,U+2012C,조,
足,U+8DB3,족,발
族,U+65CF,족,겨레
簇,U+7C07,족,모일
鏃,U+93C3,족,화살촉
瘯,U+762F,족,피부병 이름
存,U+5B58,존,있을
尊,U+5C0A,존,존귀할
拵,U+62F5,존,꽂을
卒,U+5352,졸,군사
拙,U+62D9,졸,서툴
猝,U+731D,졸,갑자기
椶,U+6936,종,종려나무
棕,U+68D5,종,종려나무
蹤,U+8E64,종,자취
踪,U+8E2A,종,자취
左,U+5DE6,좌,왼
坐,U+5750,좌,앉을
佐,U+4F50,좌,도울
座,U+5EA7,좌,자리
挫,U+632B,좌,꺽을
剉,U+5249,좌,꺽을
痤,U+75E4,좌,뾰루지
莝,U+839D,좌,여물
髽,U+9AFD,좌,북상투
罪,U+7F6A,죄,허물
舟,U+821F,주,배
周,U+5468,주,두루
株,U+682A,주,그루
州,U+5DDE,주,고을
皗,U+7697,주,
邾,U+90BE,주,나라이름
䎻,U+43BB,주,
絑,U+7D51,주,
䝬,U+476C,주,
椆,U+6906,주,
㫶,U+3AF6,주,
珘,U+73D8,주,
紸,U+7D38,주,
調,U+8ABF,주,아침
晭,U+666D,주,
丟,U+4E1F,주,갈
侜,U+4F9C,주,속일
儔,U+5114,주,무리
遒,U+9052,주,다가설
逎,U+900E,주,
湊,U+6E4A,주,모일
凑,U+51D1,주,모일
竹,U+7AF9,죽,대
粥,U+7CA5,죽,죽
準,U+6E96,준,수준기
俊,U+4FCA,준,준걸
遵,U+9075,준,좇을
樽,U+6A3D,준,술그릇
蠢,U+8822,준,꿈틀거릴
逡,U+9021,준,뒷걸음칠
純,U+7D14,준,선으로 두를
葰,U+8470,준,
竴,U+7AF4,준,
僔,U+50D4,준,모을
陖,U+9656,준,
睃,U+7743,준,
餕,U+9915,준,대궁
迿,U+8FFF,준,
惷,U+60F7,준,어수선할
𨶊,U+28D8A,준,
懏,U+61CF,준,
凖,U+51D6,준,準의 俗
濬,U+6FEC,준,칠
䜭,U+472D,준,
埈,U+57C8,준,가파를
中,U+4E2D,중,가운데
重,U+91CD,중,무거울
衆,U+8846,중,무리
仲,U+4EF2,중,버금
眾,U+773E,중,무리
卽,U+537D,즉,곧
喞,U+559E,즉,두런거릴
即,U+5373,즉,곧
烝,U+70DD,증,김 오를
甑,U+7511,증,시루
拯,U+62EF,증,건질
繒,U+7E52,증,비단
嶒,U+5D92,증,산 높고 험할
矰,U+77F0,증,주살
罾,U+7F7E,증,어망
知,U+77E5,지,알
𥎵,U+253B5,지,
智,U+667A,지,슬기
𥏾,U+253FE,지,
直,U+76F4,직,곧을
職,U+8077,직,벼슬
織,U+7E54,직,짤
稙,U+7A19,직,올벼
稷,U+7A37,직,기장
禝,U+799D,직,사람 이름
振,U+632F,진,떨칠
鎭,U+93AD,진,누를
陣,U+9663,진,줄
陳,U+9673,진,늘어놓을
質,U+8CEA,질,바탕
秩,U+79E9,질,차례
疾,U+75BE,질,병
姪,U+59EA,질,조카
集,U+96C6,집,모일
執,U+57F7,집,잡을
什,U+4EC0,집,세간
潗,U+6F57,집,샘솟을
輯,U+8F2F,집,모을
楫,U+696B,집,노
鏶,U+93F6,집,판금
緝,U+7DDD,집,낳을
咠,U+54A0,집,참소할
戢,U+6222,집,그칠
𬄕,U+2C115,집,
徵,U+5FB5,징,부를
懲,U+61F2,징,혼날
澄,U+6F84,징,맑을
澂,U+6F82,징,맑을
瀓,U+7013,징,맑을
癥,U+7665,징,적취
瞪,U+77AA,징,바로 볼
着,U+7740,착,붙을
錯,U+932F,착,섞일
捉,U+6349,착,잡을
搾,U+643E,착,짤
窄,U+7A84,착,좁을
鑿,U+947F,착,뚫을
齪,U+9F6A,착,악착할
戳,U+6233,착,창으로 찌를
擉,U+64C9,착,찌를
斲,U+65B2,착,깎을
贊,U+8D0A,찬,도울
讚,U+8B9A,찬,기릴
察,U+5BDF,찰,살필
札,U+672D,찰,패
刹,U+5239,찰,절
擦,U+64E6,찰,뿌릴
紮,U+7D2E,찰,감을
扎,U+624E,찰,뺄
參,U+53C3,참,간여할
慘,U+6158,참,참혹할
慙,U+6159,참,부끄러울
慚,U+615A,참,부끄러울
滄,U+6EC4,창,찰
淐,U+6DD0,창,
晿,U+667F,창,
淌,U+6DCC,창,
倀,U+5000,창,미칠
傖,U+5096,창,천할
凔,U+51D4,창,찰
刱,U+5231,창,비롯할
悵,U+60B5,창,슬퍼할
惝,U+60DD,창,멍할
戧,U+6227,창,다칠
搶,U+6436,창,닿을
氅,U+6C05,창,새털
瑲,U+7472,창,옥 소리
菜,U+83DC,채,나물
採,U+63A1,채,캘
彩,U+5F69,채,무늬
債,U+50B5,채,빚
采,U+91C7,채,캘
埰,U+57F0,채,영지
寀,U+5BC0,채,녹봉
蔡,U+8521,채,거북
綵,U+7DB5,채,비단
寨,U+5BE8,채,울짱
砦,U+7826,채,울타리
釵,U+91F5,채,비녀
琗,U+7417,채,
責,U+8CAC,채,꾸짖을
棌,U+68CC,채,참나무
婇,U+5A47,채,
睬,U+776C,채,주목할
茝,U+831D,채,구리때
責,U+8CAC,책,꾸짖을
冊,U+518A,책,책
策,U+7B56,책,채찍
柵,U+67F5,책,울짱
嘖,U+5616,책,외칠
幘,U+5E58,책,건
磔,U+78D4,책,찢을
笧,U+7B27,책,책 상자
簀,U+7C00,책,살평상
蚱,U+86B1,책,벼메뚜기
册,U+518C,책,책
妻,U+59BB,처,아내
處,U+8655,처,살
凄,U+51C4,처,쓸쓸할
悽,U+60BD,처,슬퍼할
淒,U+6DD2,처,쓸쓸할
萋,U+840B,처,풀 성하게 우거진 모양
覷,U+89B7,처,엿볼
郪,U+90EA,처,고을 이름
処,U+51E6,처,위치할
尺,U+5C3A,척,자
斥,U+65A5,척,물리칠
拓,U+62D3,척,주울
戚,U+621A,척,겨레
墌,U+588C,척,
坧,U+5767,척,기지
慼,U+617C,척,근심할
慽,U+617D,척,근심할
淺,U+6DFA,천,얕을
賤,U+8CE4,천,천할
踐,U+8E10,천,밟을
遷,U+9077,천,옮길
鐵,U+9435,철,쇠
哲,U+54F2,철,밝을
徹,U+5FB9,철,통할
喆,U+5586,철,밝을
鉄,U+9244,철,쇠
尖,U+5C16,첨,뾰족할
添,U+6DFB,첨,더할
甜,U+751C,첨,달
甛,U+751B,첨,달
妾,U+59BE,첩,첩
帖,U+5E16,첩,표제
捷,U+6377,첩,이길
堞,U+581E,첩,성가퀴
牒,U+7252,첩,글씨판
疊,U+758A,첩,거듭
睫,U+776B,첩,속눈썹
諜,U+8ADC,첩,염탐할
貼,U+8CBC,첩,붙을
輒,U+8F12,첩,문득
倢,U+5022,첩,빠를
呫,U+546B,첩,맛 볼
喋,U+558B,첩,재잘거릴
怗,U+6017,첩,고요할
褺,U+893A,첩,겹옷
菁,U+83C1,청,부추꽃
鯖,U+9BD6,청,청어
凊,U+51CA,청,서늘할
圊,U+570A,청,뒷간
蜻,U+873B,청,귀뚜라미
鶄,U+9D84,청,교청새
婧,U+5A67,청,날씬한
草,U+8349,초,풀
艸,U+8278,초,풀
促,U+4FC3,촉,핍박할
燭,U+71ED,촉,촛불
觸,U+89F8,촉,받을
囑,U+56D1,촉,부탁할
矗,U+77D7,촉,곧을
蜀,U+8700,촉,촉규화벌레
曯,U+66EF,촉,비칠
爥,U+7225,촉,비칠
矚,U+77DA,촉,볼
薥,U+85A5,촉,촉규화
躅,U+8E85,촉,자취
髑,U+9AD1,촉,해골
寸,U+5BF8,촌,치
村,U+6751,촌,마을
忖,U+5FD6,촌,헤아릴
吋,U+540B,촌,인치(inch)
邨,U+90A8,촌,마을
銃,U+9283,총,도끼 구멍
總,U+7E3D,총,꿰맬
聰,U+8070,총,귀 밝을
寵,U+5BF5,총,사랑할
叢,U+53E2,총,떨기
悤,U+60A4,총,바쁠
憁,U+6181,총,실심할
摠,U+6460,총,거느릴
蔥,U+8525,총,파
冢,U+51A2,총,무덤
葱,U+8471,총,풀 더북할
蓯,U+84EF,총,풀 더북할
鏦,U+93E6,총,창
驄,U+9A44,총,총이말
聡,U+8061,총,
塚,U+585A,총,무덤
総,U+7DCF,총,다
最,U+6700,최,가장
催,U+50AC,최,재촉할
崔,U+5D14,최,산 우뚝할
嘬,U+562C,최,물
摧,U+6467,최,꺾을
榱,U+69B1,최,서까래
漼,U+6F3C,최,깊을
璀,U+7480,최,옥빛 찬란할
磪,U+78EA,최,험하고 높을
縗,U+7E17,최,상복
脧,U+8127,최,불알
鰌,U+9C0C,추,미꾸라지
鰍,U+9C0D,추,미꾸라지
軸,U+8EF8,축,바디집
竺,U+7AFA,축,나라이름
筑,U+7B51,축,비파
蹙,U+8E59,축,찡그릴
蹴,U+8E74,축,찰
妯,U+59AF,축,동서
舳,U+8233,축,고물
豖,U+8C56,축,발 얽은 돼지걸음
蹜,U+8E5C,축,발 끌어 디딜
鼀,U+9F00,축,두꺼비
春,U+6625,춘,봄
椿,U+693F,춘,참죽나무
瑃,U+7443,춘,옥 이름
賰,U+8CF0,춘,
出,U+51FA,출,날
朮,U+672E,출,삽주뿌리
黜,U+9EDC,출,내칠
秫,U+79EB,출,차조
充,U+5145,충,가득찰
忠,U+5FE0,충,충성
蟲,U+87F2,충,벌레
衝,U+885D,충,충돌할
珫,U+73EB,충,귀고리 옥
沖,U+6C96,충,깊을
衷,U+8877,충,가운데
忡,U+5FE1,충,근심할
虫,U+866B,충,벌레
冲,U+51B2,충,깊을
翠,U+7FE0,취,비취
聚,U+805A,취,모을
嘴,U+5634,취,부리
娶,U+5A36,취,장가들
炊,U+708A,취,불 지필
脆,U+8106,취,연할
驟,U+9A5F,취,몰아갈
鷲,U+9DF2,취,독수리
冣,U+51A3,취,쌓을
橇,U+6A47,취,진흙 썰매
毳,U+6BF3,취,솜털
側,U+5074,측,곁
測,U+6E2C,측,측량할
仄,U+4EC4,측,기울
惻,U+60FB,측,슬플
廁,U+5EC1,측,뒷간
昃,U+6603,측,기울
厠,U+53A0,측,뒷간
層,U+5C64,층,겹
輜,U+8F1C,치,짐수레
稚,U+7A1A,치,어린 벼
卮,U+536E,치,술잔
哆,U+54C6,치,입 딱 벌일
寘,U+5BD8,치,둘
畤,U+7564,치,제터
痓,U+75D3,치,풍병
絺,U+7D7A,치,가는 칡베
菑,U+83D1,치,따비밭
薙,U+8599,치,풀 깎을
褫,U+892B,치,옷 빼앗을
豸,U+8C78,치,발 없는 벌레
跱,U+8DF1,치,머뭇거릴
錙,U+9319,치,저울눈
癡,U+7661,치,어리석을
痴,U+75F4,치,어리석을
穉,U+7A49,치,어릴
則,U+5247,칙,법칙
勅,U+52C5,칙,신칙할
飭,U+98ED,칙,갖출
敕,U+6555,칙,경계할
親,U+89AA,친,사랑할
櫬,U+6AEC,친,관
襯,U+896F,친,속옷
七,U+4E03,칠,일곱
漆,U+6F06,칠,옻나무
柒,U+67D2,칠,일곱
琛,U+741B,침,보배
砧,U+7827,침,방칫돌
鍼,U+937C,침,바늘
棽,U+68FD,침,
寖,U+5BD6,침,젖을
忱,U+5FF1,침,믿을
椹,U+6939,침,모탕
郴,U+90F4,침,땅이름
鋟,U+92DF,침,새길
駸,U+99F8,침,말 몰아 달릴
稱,U+7A31,칭,저울질할
秤,U+79E4,칭,저울
快,U+5FEB,쾌,기분이 좋을
夬,U+592C,쾌,결단할
噲,U+5672,쾌,목구멍
他,U+4ED6,타,다를
打,U+6253,타,때릴
妥,U+59A5,타,편안할
墮,U+58AE,타,떨어질
橢,U+6A62,타,둥글길죽할
楕,U+6955,타,길고 둥글
濁,U+6FC1,탁,흐릴
托,U+6258,탁,밀칠
濯,U+6FEF,탁,씻을
卓,U+5353,탁,높을
橐,U+6A50,탁,전대
槖,U+69D6,탁,
炭,U+70AD,탄,숯
歎,U+6B4E,탄,탄식할
彈,U+5F48,탄,쏠
誕,U+8A95,탄,기를
呑,U+5451,탄,삼킬
坦,U+5766,탄,너그러울
灘,U+7058,탄,여울
嘆,U+5606,탄,한숨쉴
憚,U+619A,탄,수고로울
綻,U+7DBB,탄,옷 터질
暺,U+66BA,탄,
憻,U+61BB,탄,평탄할
攤,U+6524,탄,열
殫,U+6BAB,탄,다할
癱,U+7671,탄,중풍증
驒,U+9A52,탄,돈짝무늬총이말
脫,U+812B,탈,벗어날
奪,U+596A,탈,빼앗을
侻,U+4FBB,탈,간사할
探,U+63A2,탐,더듬을
貪,U+8CAA,탐,탐할
耽,U+803D,탐,즐길
眈,U+7708,탐,노려볼
嗿,U+55FF,탐,여럿이 먹는 소리
忐,U+5FD0,탐,마을 허할
酖,U+9156,탐,술 즐길
塔,U+5854,탑,탑
榻,U+69BB,탑,평상
傝,U+509D,탑,답답할
塌,U+584C,탑,낮은 땅
搨,U+6428,탑,비문 박을
湯,U+6E6F,탕,물 끓일
宕,U+5B95,탕,골집
帑,U+5E11,탕,나라 곳집
糖,U+7CD6,탕,엿
蕩,U+8569,탕,넓고 클
燙,U+71D9,탕,씻을
盪,U+76EA,탕,씻을
碭,U+78AD,탕,무늬진 돌
蘯,U+862F,탕,쓸
宅,U+5B85,택,집
澤,U+6FA4,택,못
擇,U+64C7,택,가릴
垞,U+579E,택,언덕
土,U+571F,토,흙
吐,U+5410,토,토할
討,U+8A0E,토,다스릴
兔,U+5154,토,토끼
兎,U+514E,토,토키
通,U+901A,통,뚫릴
統,U+7D71,통,거느릴
痛,U+75DB,통,아플
桶,U+6876,통,엿되들이 통
慟,U+615F,통,서러울
洞,U+6D1E,통,구렁
筒,U+7B52,통,사통대
恫,U+606B,통,슬플
樋,U+6A0B,통,대 홈
筩,U+7B69,통,대나무통
退,U+9000,퇴,물러갈
堆,U+5806,퇴,흙무더기 퇴 놓을
槌,U+69CC,퇴,몽둥이
腿,U+817F,퇴,넓적다리
褪,U+892A,퇴,옷 벗을
頹,U+9839,퇴,기울어질
隤,U+96A4,퇴,무너질
投,U+6295,투,던질
透,U+900F,투,통할
鬪,U+9B2A,투,싸움
偸,U+5078,투,훔칠
套,U+5957,투,전례
妬,U+59AC,투,투기할
妒,U+5992,투,투기할
渝,U+6E1D,투,빛 변할
骰,U+9AB0,투,주사위
特,U+7279,특,우뚝할
慝,U+615D,특,간악할
忒,U+5FD2,특,변할
判,U+5224,판,판단할
板,U+677F,판,널조각
販,U+8CA9,판,장사
版,U+7248,판,조각
阪,U+962A,판,산비탈
坂,U+5742,판,언덕
瓣,U+74E3,판,외씨
辦,U+8FA6,판,힘들일
鈑,U+9211,판,불린 금
八,U+516B,팔,여덟
叭,U+53ED,팔,나팔
捌,U+634C,팔,깨뜨릴
朳,U+6733,팔,고무래
汃,U+6C43,팔,물결치는 소리
貝,U+8C9D,패,조개
敗,U+6557,패,헐어질
浿,U+6D7F,패,물이름
佩,U+4F69,패,패옥
牌,U+724C,패,방 붙일
唄,U+5504,패,염불소리
悖,U+6096,패,거스를
沛,U+6C9B,패,둥둥 뜰
狽,U+72FD,패,이리
稗,U+7A17,패,돌피
霸,U+9738,패,으뜸
孛,U+5B5B,패,혜성
旆,U+65C6,패,기
珮,U+73EE,패,노리개
霈,U+9708,패,비 쏟아질
覇,U+8987,패,으뜸
扁,U+6241,편,특별할
翩,U+7FE9,편,훌쩍 날
鞭,U+97AD,편,채찍
騙,U+9A19,편,속일
匾,U+533E,편,납작할
徧,U+5FA7,편,두루 미칠
惼,U+60FC,편,조급할
緶,U+7DF6,편,꿰맬
艑,U+8251,편,거룻배
萹,U+8439,편,마디풀
蝙,U+8759,편,박쥐
褊,U+890A,편,좁을
諞,U+8ADE,편,공교한 말
平,U+5E73,평,평탄할
評,U+8A55,평,평론할
坪,U+576A,평,벌판
枰,U+67B0,평,장기판
泙,U+6CD9,평,물소리
萍,U+840D,평,마름
怦,U+6026,평,맘 급할
抨,U+62A8,평,탄핵할
苹,U+82F9,평,맑은 대쑥
蓱,U+84F1,평,마름
鮃,U+9B83,평,가자미
陛,U+965B,폐,대궐 섬돌
吠,U+5420,폐,짖을
嬖,U+5B16,폐,사랑할
斃,U+6583,폐,죽을
敝,U+655D,폐,옷 해질
狴,U+72F4,폐,짐승이름
獘,U+7358,폐,곤할
癈,U+7648,폐,고질병
脯,U+812F,포,포
苞,U+82DE,포,그령풀
蒲,U+84B2,포,부들풀
袍,U+888D,포,도포
逋,U+900B,포,달아날
鮑,U+9B91,포,절인 생선
拋,U+62CB,포,던질
儤,U+5124,포,번 설
庖,U+5E96,포,푸줏간
晡,U+6661,포,신시
曓,U+66D3,포,급할
炮,U+70AE,포,그슬릴
炰,U+70B0,포,그슬
誧,U+8AA7,포,꾀할
抛,U+629B,포,던질
暴,U+66B4,폭,햇빛 쪼일
爆,U+7206,폭,불터질
幅,U+5E45,폭,폭
曝,U+66DD,폭,햇볕에 말릴
瀑,U+7011,폭,폭포수
輻,U+8F3B,폭,바퀴살통
表,U+8868,표,겉
票,U+7968,표,쪽지
標,U+6A19,표,표시할
漂,U+6F02,표,뜰
飆,U+98C6,표,폭풍
飇,U+98C7,표,회오리바람
品,U+54C1,품,뭇
稟,U+7A1F,품,여쭐
風,U+98A8,풍,바람
豐,U+8C50,풍,풍년
諷,U+8AF7,풍,비유로 간할
馮,U+99AE,풍,벼슬이름
楓,U+6953,풍,단풍나무
瘋,U+760B,풍,두풍
豊,U+8C4A,풍,풍년
披,U+62AB,피,헤칠
陂,U+9642,피,기울어질
詖,U+8A56,피,말 잘할
鞁,U+9781,피,말 가슴걸이
髲,U+9AF2,피,머리쓰개
必,U+5FC5,필,반드시
匹,U+5339,필,짝
筆,U+7B46,필,붓
畢,U+7562,필,마칠
廈,U+5EC8,하,큰 집
厦,U+53A6,하,큰 집
夏,U+590F,하,여름
昰,U+6630,하,여름
學,U+5B78,학,배울
鶴,U+9DB4,학,두루미
壑,U+58D1,학,골짜기
虐,U+8650,학,사나울
謔,U+8B14,학,희롱할
嗃,U+55C3,학,꾸짖을
狢,U+72E2,학,오소리
瘧,U+7627,학,학질
皬,U+76AC,학,흴
确,U+786E,학,확실할
郝,U+90DD,학,고을 이름
鷽,U+9DFD,학,메까치
学,U+5B66,학,배울
割,U+5272,할,벨
轄,U+8F44,할,다스릴
瞎,U+778E,할,애꾸눈
咸,U+54B8,함,모두
含,U+542B,함,머금을
陷,U+9677,함,빠질
函,U+51FD,함,상자
涵,U+6DB5,함,젖을
艦,U+8266,함,싸움배
喊,U+558A,함,소리
檻,U+6ABB,함,우리
緘,U+7DD8,함,봉할
銜,U+929C,함,재갈
鹹,U+9E79,함,짤
菡,U+83E1,함,연봉오리
莟,U+839F,함,꽃봉오리
諴,U+8AF4,함,화할
轞,U+8F5E,함,함거
闞,U+95DE,함,범 소리
啣,U+5563,함,재갈
合,U+5408,합,합할
哈,U+54C8,합,한 모금
盒,U+76D2,합,소반 뚜껑
蛤,U+86E4,합,조개
閤,U+95A4,합,도장
闔,U+95D4,합,문짝
陜,U+965C,합,땅이름
匌,U+530C,합,기운 답답할
嗑,U+55D1,합,잔말할
柙,U+67D9,합,우리
榼,U+69BC,합,술그릇
溘,U+6E98,합,문득
盍,U+76CD,합,덮을
郃,U+90C3,합,땅이름
亢,U+4EA2,항,목
沆,U+6C86,항,큰 물
姮,U+59EE,항,항아
伉,U+4F09,항,강직할
杭,U+676D,항,건널
桁,U+6841,항,수갑
缸,U+7F38,항,항아리
肛,U+809B,항,똥구멍
行,U+884C,항,시장
降,U+964D,항,항복할
夯,U+592F,항,멜
炕,U+7095,항,마를
缿,U+7F3F,항,항통
頏,U+980F,항,목
恒,U+6052,항,늘
恆,U+6046,항,항상
嫦,U+5AE6,항,항아
澥,U+6FA5,해,
祄,U+7944,해,
晐,U+6650,해,
嶰,U+5DB0,해,골짝 사이
廨,U+5EE8,해,관청
欬,U+6B2C,해,기침할
獬,U+736C,해,신통한 양
痎,U+75CE,해,학질
薤,U+85A4,해,염교
醢,U+91A2,해,젓
頦,U+9826,해,턱
鮭,U+9BAD,해,어채
䀭,U+402D,해,
絯,U+7D6F,해,
海,U+6D77,해,바다
核,U+6838,핵,실과
劾,U+52BE,핵,캐물을
翮,U+7FEE,핵,깃촉
覈,U+8988,핵,핵실할
行,U+884C,행,다닐
幸,U+5E78,행,다행할
杏,U+674F,행,살구
倖,U+5016,행,요행
荇,U+8347,행,마름풀
涬,U+6DAC,행,
悻,U+60BB,행,발끈 성낼
珦,U+73E6,향,옥 이름
嚮,U+56AE,향,향할
餉,U+9909,향,먹일
饗,U+9957,향,잔치할
麘,U+9E98,향,
晑,U+6651,향,
薌,U+858C,향,곡기
虛,U+865B,허,빌
許,U+8A31,허,허락할
墟,U+589F,허,옛 터
噓,U+5653,허,불
歔,U+6B54,허,한숨 쉴
軒,U+8ED2,헌,초헌
憲,U+61B2,헌,법
獻,U+737B,헌,바칠
櫶,U+6AF6,헌,나무 이름
䡣,U+4863,헌,
㦥,U+39A5,헌,
昍,U+660D,헌,
巚,U+5DDA,헌,봉우리
幰,U+5E70,헌,수레 안장
攇,U+6507,헌,비길
險,U+96AA,험,험할
驗,U+9A57,험,시험할
嶮,U+5DAE,험,산 가파를
獫,U+736B,험,험윤 오랑캐
玁,U+7381,험,오랑캐 이름
革,U+9769,혁,가죽
赫,U+8D6B,혁,불 이글이글할
爀,U+7200,혁,불빛
奕,U+5955,혁,아름다울
焱,U+7131,혁,불꽃
侐,U+4F90,혁,고요할
焃,U+7103,혁,
𧹽,U+27E7D,혁,
嚇,U+5687,혁,노할
弈,U+5F08,혁,바둑둘
洫,U+6D2B,혁,넘칠
鬩,U+9B29,혁,송사할
衒,U+8852,현,자랑할
弦,U+5F26,현,시위
儇,U+5107,현,영리할
譞,U+8B5E,현,
怰,U+6030,현,
䧋,U+49CB,현,
鋗,U+92D7,현,노구솥
㢺,U+38BA,현,
琄,U+7404,현,옥 모양
嬛,U+5B1B,현,산뜻할
娊,U+5A0A,현,
妶,U+59B6,현,
灦,U+7066,현,
㭹,U+3B79,현,
顯,U+986F,현,나타날
顕,U+9855,현,나타날
䝮,U+476E,현,
血,U+8840,혈,피
穴,U+7A74,혈,굴
孑,U+5B51,혈,외로울
頁,U+9801,혈,머리
絜,U+7D5C,혈,헤아릴
趐,U+8D90,혈,새가 떼로 날
嫌,U+5ACC,혐,싫어할
協,U+5354,협,조화할
脅,U+8105,협,갈빗대
脇,U+8107,협,위협할
迥,U+8FE5,형,막을
逈,U+9008,형,멀
惠,U+60E0,혜,은혜
慧,U+6167,혜,슬기로울
兮,U+516E,혜,어조사
恵,U+6075,혜,은혜
芐,U+8290,호,
芦,U+82A6,호,지황
浩,U+6D69,호,클
澔,U+6F94,호,넓을
號,U+865F,호,울부짖을
号,U+53F7,호,이름
或,U+6216,혹,혹
惑,U+60D1,혹,미혹할
酷,U+9177,혹,독할
熇,U+7187,혹,뜨거울
婚,U+5A5A,혼,혼인할
混,U+6DF7,혼,섞을
昏,U+660F,혼,어두울
魂,U+9B42,혼,넋
渾,U+6E3E,혼,흐릴
琿,U+743F,혼,아름다운 옥
俒,U+4FD2,혼,완전할
䫟,U+4ADF,혼,
圂,U+5702,혼,뒷간
湣,U+6E63,혼,낚시줄
溷,U+6EB7,혼,어지러울
焜,U+711C,혼,빛날
閽,U+95BD,혼,문지기
忽,U+5FFD,홀,소흘히 할
惚,U+60DA,홀,황홀할
笏,U+7B0F,홀,홀
囫,U+56EB,홀,온전할
紅,U+7D05,홍,붉을
洪,U+6D2A,홍,큰물
弘,U+5F18,홍,넓을
鴻,U+9D3B,홍,큰 기러기
泓,U+6CD3,홍,깊을
烘,U+70D8,홍,횃불
虹,U+8679,홍,무지개
鉷,U+9277,홍,돌쇠뇌
哄,U+54C4,홍,떠들썩할
汞,U+6C5E,홍,수은
訌,U+8A0C,홍,무너질
晎,U+664E,홍,날 밝으려 할
澒,U+6F92,홍,수은
篊,U+7BCA,홍,홈통
鬨,U+9B28,홍,싸울
和,U+548C,화,화할
話,U+8A71,화,말할
畫,U+756B,화,그림
華,U+83EF,화,꽃
嬅,U+5B05,화,여자 이름
樺,U+6A3A,화,자작나무
譁,U+8B41,화,시끄러울
靴,U+9774,화,신
澕,U+6F95,화,
俰,U+4FF0,화,화할
嘩,U+5629,화,떠들썩할
驊,U+9A4A,화,준마
龢,U+9FA2,화,풍류 조화될
畵,U+7575,화,그림
確,U+78BA,확,굳을
穫,U+7A6B,확,벼 벨
擴,U+64F4,확,넓힐
廓,U+5ED3,확,클
攫,U+652B,확,붙잡을
矍,U+77CD,확,두리번거릴
矡,U+77E1,확,호미
礭,U+792D,확,회초리
鑊,U+944A,확,가마
碻,U+78BB,확,굳을
活,U+6D3B,활,살
闊,U+95CA,활,트일
滑,U+6ED1,활,미끄러울
猾,U+733E,활,교활할
豁,U+8C41,활,뚫린 골
蛞,U+86DE,활,괄태충
濶,U+6FF6,활,
黃,U+9EC3,황,누를
皇,U+7687,황,임금
況,U+6CC1,황,하물며
荒,U+8352,황,거칠
慌,U+614C,황,어렴풋할
湟,U+6E5F,황,해자
潢,U+6F62,황,웅덩이
篁,U+7BC1,황,대숲
簧,U+7C27,황,혀
蝗,U+8757,황,누리
遑,U+9051,황,허둥거릴
隍,U+968D,황,해자
楻,U+697B,황,
喤,U+55A4,황,어린아이 울음
怳,U+6033,황,멍할
瑝,U+745D,황,옥 소리
肓,U+8093,황,명치 끝
貺,U+8CBA,황,줄
晃,U+6643,황,밝을
晄,U+6644,황,밝을
回,U+56DE,회,돌
會,U+6703,회,모일
悔,U+6094,회,뉘우칠
懷,U+61F7,회,품을
繪,U+7E6A,회,그림
絵,U+7D75,회,
会,U+4F1A,회,모일
獲,U+7372,획,얻을
劃,U+5283,획,쪼갤
画,U+753B,획,그을
嚄,U+5684,획,외칠
橫,U+6A6B,횡,가로
鐄,U+9404,횡,종
宖,U+5B96,횡,집 울릴
澋,U+6F8B,횡,물이 빙 돌
鈜,U+921C,횡,쇳소리
黌,U+9ECC,횡,글방
孝,U+5B5D,효,효도
效,U+6548,효,본받을
曉,U+66C9,효,새벽
効,U+52B9,효,본받을
後,U+5F8C,후,뒤
厚,U+539A,후,두터울
侯,U+4FAF,후,과녁
候,U+5019,후,물을
訓,U+8A13,훈,가르칠
勳,U+52F3,훈,공
焄,U+7104,훈,연기에 그을릴
熏,U+718F,훈,연기 낄
薰,U+85B0,훈,향불
壎,U+58CE,훈,진나팔
燻,U+71FB,훈,연기 낄
鑂,U+9442,훈,금빛 투색할
暈,U+6688,훈,무리
纁,U+7E81,훈,분홍빛
煇,U+7147,훈,지질
薫,U+85AB,훈,향내
曛,U+66DB,훈,삭양 빛
獯,U+736F,훈,오랑캐 이름
葷,U+8477,훈,매운 채소
毁,U+6BC1,훼,헐
喙,U+5599,훼,부리
毀,U+6BC0,훼,헐
𠦄,U+20984,훼,
燬,U+71EC,훼,불
芔,U+8294,훼,풀
虺,U+867A,훼,살무사
卉,U+5349,훼,풀
揮,U+63EE,휘,휘두를
輝,U+8F1D,휘,빛날
彙,U+5F59,휘,무리
徽,U+5FBD,휘,아름다울
暉,U+6689,휘,빛
煇,U+7147,휘,빛날
諱,U+8AF1,휘,꺼릴
麾,U+9EBE,휘,대장기
煒,U+7152,휘,벌그레할
撝,U+649D,휘,찣을
翬,U+7FEC,휘,훨훨 날
休,U+4F11,휴,쉴
携,U+643A,휴,끌
烋,U+70CB,휴,경사로울
畦,U+7566,휴,밭두둑
虧,U+8667,휴,이지러질
庥,U+5EA5,휴,
咻,U+54BB,휴,떠들
隳,U+96B3,휴,무너뜨릴
髹,U+9AF9,휴,옻칠할
鵂,U+9D42,휴,수리부엉이
凶,U+51F6,흉,흉할
胸,U+80F8,흉,가슴
兇,U+5147,흉,흉악할
匈,U+5308,흉,오랑캐
洶,U+6D36,흉,물살세찰
恟,U+605F,흉,두려워할
胷,U+80F7,흉,가슴
黑,U+9ED1,흑,검을
吸,U+5438,흡,숨 들이쉴
洽,U+6D3D,흡,윤태하게 할
恰,U+6070,흡,마치
翕,U+7FD5,흡,합할
噏,U+564F,흡,숨 들이쉴
歙,U+6B59,흡,줄일
潝,U+6F5D,흡,빨리 흐르는 소리
翖,U+7FD6,흡,합할
興,U+8208,흥,일
希,U+5E0C,희,바랄
喜,U+559C,희,기뻐할
稀,U+7A00,희,드물
戲,U+6232,희,탄식할
憘,U+6198,희,기쁠
犧,U+72A7,희,희생
噫,U+566B,희,탄식할
熙,U+7199,희,빛날
烯,U+70EF,희,
暿,U+66BF,희,웃을
譆,U+8B46,희,
㜯,U+372F,희,
咥,U+54A5,희,허허 웃을
唏,U+550F,희,슬퍼할
嘻,U+563B,희,웃을
悕,U+6095,희,슬퍼할
欷,U+6B37,희,흐느낄
燹,U+71F9,희,들불
